{
  "overall": {
    "bucket": "overall",
    "n": 15627,
    "path_em": 0.3343572022781084,
    "path_em_ci": [
      0.32674057720611765,
      0.34114193383246944
    ],
    "entity_f1": 0.5212408502398963,
    "entity_f1_ci": [
      0.5092934082398346,
      0.5316515565073714
    ],
    "well_formed": 0.9997440327638062,
    "gold_executable": 0.44531899916810647,
    "pred_nonempty": 0.5445063031931913
  },
  "by_length": [
    {
      "bucket": "L1",
      "n": 5984,
      "path_em": 0.3865307486631016,
      "path_em_ci": [
        0.37416026069518715,
        0.3987299465240642
      ],
      "entity_f1": 0.46594169387267026,
      "entity_f1_ci": [
        0.4481262258920245,
        0.4848950520207932
      ],
      "well_formed": 0.9994986631016043,
      "gold_executable": 0.48863636363636365,
      "pred_nonempty": 0.6303475935828877
    },
    {
      "bucket": "L2",
      "n": 5425,
      "path_em": 0.3640552995391705,
      "path_em_ci": [
        0.35170506912442395,
        0.37732718894009215
      ],
      "entity_f1": 0.605146115611419,
      "entity_f1_ci": [
        0.5879539586050788,
        0.6220599620512085
      ],
      "well_formed": 0.999815668202765,
      "gold_executable": 0.5458064516129032,
      "pred_nonempty": 0.6366820276497696
    },
    {
      "bucket": "L3",
      "n": 1732,
      "path_em": 0.3389145496535797,
      "path_em_ci": [
        0.31755196304849886,
        0.3591368360277136
      ],
      "entity_f1": 0.6462968598912979,
      "entity_f1_ci": [
        0.5972101805034631,
        0.6904419112870029
      ],
      "well_formed": 1.0,
      "gold_executable": 0.2471131639722864,
      "pred_nonempty": 0.2881062355658199
    },
    {
      "bucket": "L4+",
      "n": 2486,
      "path_em": 0.1407884151246983,
      "path_em_ci": [
        0.12629726468222044,
        0.15526950925181013
      ],
      "entity_f1": 0.30410040182177017,
      "entity_f1_ci": [
        0.27071557387098727,
        0.336830257878451
      ],
      "well_formed": 1.0,
      "gold_executable": 0.2598551890587289,
      "pred_nonempty": 0.3153660498793242
    }
  ],
  "by_operator": [
    {
      "bucket": "exec_common",
      "n": 44,
      "path_em": 0.7272727272727273,
      "path_em_ci": [
        0.5909090909090909,
        0.8636363636363636
      ],
      "entity_f1": 0.8461538461538461,
      "entity_f1_ci": [
        0.6923076923076923,
        0.9615384615384616
      ],
      "well_formed": 1.0,
      "gold_executable": 0.5909090909090909,
      "pred_nonempty": 0.6363636363636364
    },
    {
      "bucket": "exec_difference",
      "n": 150,
      "path_em": 0.06666666666666667,
      "path_em_ci": [
        0.033166666666666816,
        0.10666666666666667
      ],
      "entity_f1": 0.15903552508920069,
      "entity_f1_ci": [
        0.08837840595893118,
        0.2280338834650681
      ],
      "well_formed": 1.0,
      "gold_executable": 0.6266666666666667,
      "pred_nonempty": 0.6
    },
    {
      "bucket": "filter",
      "n": 4485,
      "path_em": 0.230546265328874,
      "path_em_ci": [
        0.2189409141583055,
        0.2419230769230769
      ],
      "entity_f1": 0.5445481544373939,
      "entity_f1_ci": [
        0.5150424481202478,
        0.5760688359969818
      ],
      "well_formed": 1.0,
      "gold_executable": 0.2004459308807135,
      "pred_nonempty": 0.2903010033444816
    },
    {
      "bucket": "plain",
      "n": 10657,
      "path_em": 0.3893215726752369,
      "path_em_ci": [
        0.38002955803697097,
        0.39814441212348695
      ],
      "entity_f1": 0.5388311984217026,
      "entity_f1_ci": [
        0.5258721631411807,
        0.5511546277932369
      ],
      "well_formed": 0.9996246598479872,
      "gold_executable": 0.5385192831003096,
      "pred_nonempty": 0.6556254105282913
    },
    {
      "bucket": "select",
      "n": 291,
      "path_em": 0.0,
      "path_em_ci": [
        0.0,
        0.0
      ],
      "entity_f1": 0.04211292974967788,
      "entity_f1_ci": [
        0.01952439549190129,
        0.06875334302120668
      ],
      "well_formed": 1.0,
      "gold_executable": 0.6907216494845361,
      "pred_nonempty": 0.35051546391752575
    }
  ],
  "by_section": [
    {
      "bucket": "common_and_differences",
      "n": 100,
      "path_em": 0.1,
      "path_em_ci": [
        0.05,
        0.16
      ],
      "entity_f1": 0.15903552508920069,
      "entity_f1_ci": [
        0.08837840595893118,
        0.2280338834650681
      ],
      "well_formed": 1.0,
      "gold_executable": 0.94,
      "pred_nonempty": 0.68
    },
    {
      "bucket": "double_entity",
      "n": 50,
      "path_em": 0.0,
      "path_em_ci": [
        0.0,
        0.0
      ],
      "entity_f1": 0.04,
      "entity_f1_ci": [
        0.0,
        0.1
      ],
      "well_formed": 1.0,
      "gold_executable": 1.0,
      "pred_nonempty": 0.08
    },
    {
      "bucket": "entity_in_path",
      "n": 251,
      "path_em": 0.12749003984063745,
      "path_em_ci": [
        0.08764940239043825,
        0.17131474103585656
      ],
      "entity_f1": 0.2589676664938389,
      "entity_f1_ci": [
        0.17180983794636462,
        0.34576230294873633
      ],
      "well_formed": 1.0,
      "gold_executable": 0.3784860557768924,
      "pred_nonempty": 0.50199203187251
    },
    {
      "bucket": "intra_relationship",
      "n": 4734,
      "path_em": 0.42986903253062947,
      "path_em_ci": [
        0.4167670046472328,
        0.44360477397549636
      ],
      "entity_f1": 0.6186452436452436,
      "entity_f1_ci": [
        0.5964993339993341,
        0.6404515623265624
      ],
      "well_formed": 0.9993662864385298,
      "gold_executable": 0.36248415716096327,
      "pred_nonempty": 0.551119560625264
    },
    {
      "bucket": "multi_hop_relationship",
      "n": 4790,
      "path_em": 0.29123173277661796,
      "path_em_ci": [
        0.27933194154488517,
        0.30417536534446765
      ],
      "entity_f1": 0.7365322676896965,
      "entity_f1_ci": [
        0.71374567736064,
        0.7576032912174004
      ],
      "well_formed": 1.0,
      "gold_executable": 0.3173277661795407,
      "pred_nonempty": 0.49728601252609606
    },
    {
      "bucket": "multi_with_more_filter",
      "n": 153,
      "path_em": 0.026143790849673203,
      "path_em_ci": [
        0.006535947712418301,
        0.05228758169934641
      ],
      "entity_f1": NaN,
      "entity_f1_ci": [
        NaN,
        NaN
      ],
      "well_formed": 1.0,
      "gold_executable": 0.0,
      "pred_nonempty": 0.0915032679738562
    },
    {
      "bucket": "multifilter",
      "n": 4,
      "path_em": 0.0,
      "path_em_ci": [
        0.0,
        0.0
      ],
      "entity_f1": 0.04597701149425287,
      "entity_f1_ci": [
        0.0,
        0.13793103448275862
      ],
      "well_formed": 1.0,
      "gold_executable": 0.75,
      "pred_nonempty": 0.25
    },
    {
      "bucket": "multihop_no_entity",
      "n": 80,
      "path_em": 0.3125,
      "path_em_ci": [
        0.2125,
        0.4125
      ],
      "entity_f1": 0.5420115121500213,
      "entity_f1_ci": [
        0.42515695803330217,
        0.657859533490115
      ],
      "well_formed": 1.0,
      "gold_executable": 0.75,
      "pred_nonempty": 0.6625
    },
    {
      "bucket": "multihop_one_entity_filter",
      "n": 1101,
      "path_em": 0.22615803814713897,
      "path_em_ci": [
        0.20161217075386015,
        0.2506811989100817
      ],
      "entity_f1": 0.5571667031225854,
      "entity_f1_ci": [
        0.4409870776690629,
        0.6674453878773733
      ],
      "well_formed": 1.0,
      "gold_executable": 0.047229791099000905,
      "pred_nonempty": 0.1980018165304269
    },
    {
      "bucket": "other_double_entity",
      "n": 84,
      "path_em": 0.0,
      "path_em_ci": [
        0.0,
        0.0
      ],
      "entity_f1": 0.04710695808256784,