{
  "overall": {
    "bucket": "overall",
    "n": 15627,
    "path_em": 0.07224675241569078,
    "path_em_ci": [
      0.06808728482754207,
      0.07634222819479107
    ],
    "entity_f1": 0.4141392768974638,
    "entity_f1_ci": [
      0.4032443281390086,
      0.4251703902829361
    ],
    "well_formed": 1.0,
    "gold_executable": 0.43335253087604786,
    "pred_nonempty": 0.46106098419402314
  },
  "by_length": [
    {
      "bucket": "L1",
      "n": 5984,
      "path_em": 0.08689839572192513,
      "path_em_ci": [
        0.08004679144385027,
        0.09358706550802139
      ],
      "entity_f1": 0.5634806479878007,
      "entity_f1_ci": [
        0.5456995080531557,
        0.5819885807536928
      ],
      "well_formed": 1.0,
      "gold_executable": 0.48863636363636365,
      "pred_nonempty": 0.5752005347593583
    },
    {
      "bucket": "L2",
      "n": 5425,
      "path_em": 0.08018433179723503,
      "path_em_ci": [
        0.07317511520737327,
        0.08774193548387096
      ],
      "entity_f1": 0.2892740754028113,
      "entity_f1_ci": [
        0.27376370771711933,
        0.30462883589281925
      ],
      "well_formed": 1.0,
      "gold_executable": 0.5458064516129032,
      "pred_nonempty": 0.46580645161290324
    },
    {
      "bucket": "L3",
      "n": 1732,
      "path_em": 0.061200923787528866,
      "path_em_ci": [
        0.05021651270207853,
        0.07332563510392609
      ],
      "entity_f1": 0.32861719940743733,
      "entity_f1_ci": [
        0.28544586712428544,
        0.36954616600143303
      ],
      "well_formed": 1.0,
      "gold_executable": 0.2471131639722864,
      "pred_nonempty": 0.3042725173210162
    },
    {
      "bucket": "L4+",
      "n": 2486,
      "path_em": 0.027353177795655673,
      "path_em_ci": [
        0.02091713596138375,
        0.03378921962992759
      ],
      "entity_f1": 0.3480284745516083,
      "entity_f1_ci": [
        0.3102991924472823,
        0.388334760518659
      ],
      "well_formed": 1.0,
      "gold_executable": 0.1846339501206758,
      "pred_nonempty": 0.2851971037811746
    }
  ],
  "by_operator": [
    {
      "bucket": "exec_common",
      "n": 44,
      "path_em": 0.5681818181818182,
      "path_em_ci": [
        0.4090909090909091,
        0.7045454545454546
      ],
      "entity_f1": 0.7345307068947272,
      "entity_f1_ci": [
        0.5559504654140281,
        0.8830446843604738
      ],
      "well_formed": 1.0,
      "gold_executable": 0.5909090909090909,
      "pred_nonempty": 0.5681818181818182
    },
    {
      "bucket": "exec_difference",
      "n": 150,
      "path_em": 0.17333333333333334,
      "path_em_ci": [
        0.11333333333333333,
        0.23333333333333334
      ],
      "entity_f1": 0.4787797588749436,
      "entity_f1_ci": [
        0.38332198666395195,
        0.5774209611310676
      ],
      "well_formed": 1.0,
      "gold_executable": 0.6266666666666667,
      "pred_nonempty": 0.66
    },
    {
      "bucket": "filter",
      "n": 4485,
      "path_em": 0.0274247491638796,
      "path_em_ci": [
        0.02274247491638796,
        0.032107023411371234
      ],
      "entity_f1": 0.3432943307087564,
      "entity_f1_ci": [
        0.3115103606130438,
        0.37294402329978604
      ],
      "well_formed": 1.0,
      "gold_executable": 0.1629877369007804,
      "pred_nonempty": 0.24726867335562988
    },
    {
      "bucket": "plain",
      "n": 10657,
      "path_em": 0.08942479121704044,
      "path_em_ci": [
        0.08379234306089894,
        0.09496340433517875
      ],
      "entity_f1": 0.4280071942657713,
      "entity_f1_ci": [
        0.4145736193241975,
        0.442116772543939
      ],
      "well_formed": 1.0,
      "gold_executable": 0.5367364173782491,
      "pred_nonempty": 0.5460260861405649
    },
    {
      "bucket": "select",
      "n": 291,
      "path_em": 0.006872852233676976,
      "path_em_ci": [
        0.0,
        0.01718213058419244
      ],
      "entity_f1": 0.20546656959106904,
      "entity_f1_ci": [
        0.1497391093313918,
        0.2609278303603932
      ],
      "well_formed": 1.0,
      "gold_executable": 0.6907216494845361,
      "pred_nonempty": 0.5257731958762887
    }
  ],
  "by_section": [
    {
      "bucket": "common_and_differences",
      "n": 100,
      "path_em": 0.26,
      "path_em_ci": [
        0.18,
        0.34
      ],
      "entity_f1": 0.4787797588749436,
      "entity_f1_ci": [
        0.38332198666395195,
        0.5774209611310676
      ],
      "well_formed": 1.0,
      "gold_executable": 0.94,
      "pred_nonempty": 0.78
    },
    {
      "bucket": "double_entity",
      "n": 50,
      "path_em": 0.04,
      "path_em_ci": [
        0.0,
        0.1
      ],
      "entity_f1": 0.06,
      "entity_f1_ci": [
        0.0,
        0.14
      ],
      "well_formed": 1.0,
      "gold_executable": 1.0,
      "pred_nonempty": 0.08
    },
    {
      "bucket": "entity_in_path",
      "n": 251,
      "path_em": 0.099601593625498,
      "path_em_ci": [
        0.06374501992031872,
        0.1394422310756972
      ],
      "entity_f1": 0.23260840399224114,
      "entity_f1_ci": [
        0.15031855955678672,
        0.3129231462352022
      ],
      "well_formed": 1.0,
      "gold_executable": 0.3784860557768924,
      "pred_nonempty": 0.5976095617529881
    },
    {
      "bucket": "intra_relationship",
      "n": 4734,
      "path_em": 0.001478664976763836,
      "path_em_ci": [
        0.0004224757076468103,
        0.0025348542458808617
      ],
      "entity_f1": 0.5335275835275836,
      "entity_f1_ci": [
        0.5094386169386169,
        0.55746114996115
      ],
      "well_formed": 1.0,
      "gold_executable": 0.36248415716096327,
      "pred_nonempty": 0.5025348542458808
    },
    {
      "bucket": "multi_hop_relationship",
      "n": 4790,
      "path_em": 0.10751565762004175,
      "path_em_ci": [
        0.09874739039665971,
        0.1162839248434238
      ],
      "entity_f1": 0.5387028909012228,
      "entity_f1_ci": [
        0.512814622490264,
        0.5662743956650652
      ],
      "well_formed": 1.0,
      "gold_executable": 0.27849686847599164,
      "pred_nonempty": 0.44091858037578285
    },
    {
      "bucket": "multi_with_more_filter",
      "n": 153,
      "path_em": 0.0,
      "path_em_ci": [
        0.0,
        0.0
      ],
      "entity_f1": NaN,
      "entity_f1_ci": [
        NaN,
        NaN
      ],
      "well_formed": 1.0,
      "gold_executable": 0.0,
      "pred_nonempty": 0.20915032679738563
    },
    {
      "bucket": "multifilter",
      "n": 4,
      "path_em": 0.0,
      "path_em_ci": [
        0.0,
        0.0
      ],
      "entity_f1": 0.0,
      "entity_f1_ci": [
        0.0,
        0.0
      ],
      "well_formed": 1.0,
      "gold_executable": 0.5,
      "pred_nonempty": 0.0
    },
    {
      "bucket": "multihop_no_entity",
      "n": 80,
      "path_em": 0.0125,
      "path_em_ci": [
        0.0,
        0.0375
      ],
      "entity_f1": 0.06439742986314624,
      "entity_f1_ci": [
        0.022851873123242893,
        0.11947647245946731
      ],
      "well_formed": 1.0,
      "gold_executable": 0.75,
      "pred_nonempty": 0.3125
    },
    {
      "bucket": "multihop_one_entity_filter",
      "n": 1101,
      "path_em": 0.008174386920980926,
      "path_em_ci": [
        0.0036330608537693005,
        0.013623978201634877
      ],
      "entity_f1": 0.5036630036630036,
      "entity_f1_ci": [
        0.38033424908424923,
        0.6369619963369964
      ],
      "well_formed": 1.0,
      "gold_executable": 0.047229791099000905,
      "pred_nonempty": 0.12352406902815623
    },
    {
      "bucket": "other_double_entity",
      "n": 84,
      "path_em": 0.0,
      "path_em_ci": [
        0.0,
        0.0
      ],
      "entity_f1": 0.4304729327781083,
      "entity_f1_ci": [
        0.31461927424152286,
        0.5365853658536586
      ],
      "well_formed": 1.0,