{
  "overall": {
    "bucket": "overall",
    "n": 15627,
    "path_em": 0.2894349523261023,
    "path_em_ci": [
      0.282587828757919,
      0.29615569207141484
    ],
    "entity_f1": 0.5487195894213255,
    "entity_f1_ci": [
      0.5374989104970458,
      0.5600750093069544
    ],
    "well_formed": 1.0,
    "gold_executable": 0.43335253087604786,
    "pred_nonempty": 0.4951686184168426
  },
  "by_length": [
    {
      "bucket": "L1",
      "n": 5984,
      "path_em": 0.28843582887700536,
      "path_em_ci": [
        0.27756517379679146,
        0.30030497994652405
      ],
      "entity_f1": 0.584134765048549,
      "entity_f1_ci": [
        0.566053170742455,
        0.6040663500945501
      ],
      "well_formed": 1.0,
      "gold_executable": 0.48863636363636365,
      "pred_nonempty": 0.5252339572192514
    },
    {
      "bucket": "L2",
      "n": 5425,
      "path_em": 0.3815668202764977,
      "path_em_ci": [
        0.368294930875576,
        0.3944746543778802
      ],
      "entity_f1": 0.5506276578491273,
      "entity_f1_ci": [
        0.533636156707029,
        0.5681532435088328
      ],
      "well_formed": 1.0,
      "gold_executable": 0.5458064516129032,
      "pred_nonempty": 0.6213824884792627
    },
    {
      "bucket": "L3",
      "n": 1732,
      "path_em": 0.26212471131639725,
      "path_em_ci": [
        0.24364896073903003,
        0.2817551963048499
      ],
      "entity_f1": 0.5229988129087654,
      "entity_f1_ci": [
        0.47336346507584576,
        0.5664098024506388
      ],
      "well_formed": 1.0,
      "gold_executable": 0.2471131639722864,
      "pred_nonempty": 0.2361431870669746
    },
    {
      "bucket": "L4+",
      "n": 2486,
      "path_em": 0.10981496379726469,
      "path_em_ci": [
        0.09814963797264682,
        0.12108809332260659
      ],
      "entity_f1": 0.33478653538788955,
      "entity_f1_ci": [
        0.2976549247411967,
        0.37299131475017
      ],
      "well_formed": 1.0,
      "gold_executable": 0.1846339501206758,
      "pred_nonempty": 0.3278358809332261
    }
  ],
  "by_operator": [
    {
      "bucket": "exec_common",
      "n": 44,
      "path_em": 0.3409090909090909,
      "path_em_ci": [
        0.20454545454545456,
        0.4772727272727273
      ],
      "entity_f1": 0.6863932204286757,
      "entity_f1_ci": [
        0.5206454813290488,
        0.8399947926948513
      ],
      "well_formed": 1.0,
      "gold_executable": 0.5909090909090909,
      "pred_nonempty": 0.6818181818181818
    },
    {
      "bucket": "exec_difference",
      "n": 150,
      "path_em": 0.07333333333333333,
      "path_em_ci": [
        0.03333333333333333,
        0.11333333333333333
      ],
      "entity_f1": 0.39555882356319866,
      "entity_f1_ci": [
        0.30260618964201863,
        0.4891271684675736
      ],
      "well_formed": 1.0,
      "gold_executable": 0.6266666666666667,
      "pred_nonempty": 0.5733333333333334
    },
    {
      "bucket": "filter",
      "n": 4485,
      "path_em": 0.20713489409141583,
      "path_em_ci": [
        0.19531772575250836,
        0.21984392419175028
      ],
      "entity_f1": 0.5771790418311437,
      "entity_f1_ci": [
        0.5448840817074179,
        0.6109989320944403
      ],
      "well_formed": 1.0,
      "gold_executable": 0.1629877369007804,
      "pred_nonempty": 0.2784838350055741
    },
    {
      "bucket": "plain",
      "n": 10657,
      "path_em": 0.3348034155953833,
      "path_em_ci": [
        0.32569907103312373,
        0.3437177442056864
      ],
      "entity_f1": 0.5645013648837899,
      "entity_f1_ci": [
        0.5519657346600549,
        0.5777057724765339
      ],
      "well_formed": 1.0,
      "gold_executable": 0.5367364173782491,
      "pred_nonempty": 0.5911607394200995
    },
    {
      "bucket": "select",
      "n": 291,
      "path_em": 0.0,
      "path_em_ci": [
        0.0,
        0.0
      ],
      "entity_f1": 0.04992348110092721,
      "entity_f1_ci": [
        0.024121815166591287,
        0.07980828826599971
      ],
      "well_formed": 1.0,
      "gold_executable": 0.6907216494845361,
      "pred_nonempty": 0.2508591065292096
    }
  ],
  "by_section": [
    {
      "bucket": "common_and_differences",
      "n": 100,
      "path_em": 0.11,
      "path_em_ci": [
        0.05,
        0.17
      ],
      "entity_f1": 0.39555882356319866,
      "entity_f1_ci": [
        0.30260618964201863,
        0.4891271684675736
      ],
      "well_formed": 1.0,
      "gold_executable": 0.94,
      "pred_nonempty": 0.8
    },
    {
      "bucket": "double_entity",
      "n": 50,
      "path_em": 0.0,
      "path_em_ci": [
        0.0,
        0.0
      ],
      "entity_f1": 0.0,
      "entity_f1_ci": [
        0.0,
        0.0
      ],
      "well_formed": 1.0,
      "gold_executable": 1.0,
      "pred_nonempty": 0.02
    },
    {
      "bucket": "entity_in_path",
      "n": 251,
      "path_em": 0.05976095617529881,
      "path_em_ci": [
        0.03187250996015936,
        0.08764940239043825
      ],
      "entity_f1": 0.2194339340120586,
      "entity_f1_ci": [
        0.1395252576826241,
        0.3015957910627833
      ],
      "well_formed": 1.0,
      "gold_executable": 0.3784860557768924,
      "pred_nonempty": 0.3784860557768924
    },
    {
      "bucket": "intra_relationship",
      "n": 4734,
      "path_em": 0.19602872834812,
      "path_em_ci": [
        0.1852555978031263,
        0.2066011829319814
      ],
      "entity_f1": 0.5357420357420357,
      "entity_f1_ci": [
        0.5130273892773892,
        0.5600475912975913
      ],
      "well_formed": 1.0,
      "gold_executable": 0.36248415716096327,
      "pred_nonempty": 0.4372623574144487
    },
    {
      "bucket": "multi_hop_relationship",
      "n": 4790,
      "path_em": 0.33903966597077245,
      "path_em_ci": [
        0.3248434237995825,
        0.3521920668058455
      ],
      "entity_f1": 0.825387178811955,
      "entity_f1_ci": [
        0.8050469264002688,
        0.8441378820585054
      ],
      "well_formed": 1.0,
      "gold_executable": 0.27849686847599164,
      "pred_nonempty": 0.5210855949895616
    },
    {
      "bucket": "multi_with_more_filter",
      "n": 153,
      "path_em": 0.0915032679738562,
      "path_em_ci": [
        0.0457516339869281,
        0.13725490196078433
      ],
      "entity_f1": NaN,
      "entity_f1_ci": [
        NaN,
        NaN
      ],
      "well_formed": 1.0,
      "gold_executable": 0.0,
      "pred_nonempty": 0.032679738562091505
    },
    {
      "bucket": "multifilter",
      "n": 4,
      "path_em": 0.0,
      "path_em_ci": [
        0.0,
        0.0
      ],
      "entity_f1": 0.0,
      "entity_f1_ci": [
        0.0,
        0.0
      ],
      "well_formed": 1.0,
      "gold_executable": 0.5,
      "pred_nonempty": 0.0
    },
    {
      "bucket": "multihop_no_entity",
      "n": 80,
      "path_em": 0.1,
      "path_em_ci": [
        0.0375,
        0.16281249999999972
      ],
      "entity_f1": 0.196615186537508,
      "entity_f1_ci": [
        0.09878530323647594,
        0.2949974993494934
      ],
      "well_formed": 1.0,
      "gold_executable": 0.75,
      "pred_nonempty": 0.375
    },
    {
      "bucket": "multihop_one_entity_filter",
      "n": 1101,
      "path_em": 0.1989100817438692,
      "path_em_ci": [
        0.17438692098092642,
        0.22254768392370572
      ],
      "entity_f1": 0.7473904217116887,
      "entity_f1_ci": [
        0.6554572782881606,
        0.8290688005224204
      ],
      "well_formed": 1.0,
      "gold_executable": 0.047229791099000905,
      "pred_nonempty": 0.25522252497729336
    },
    {
      "bucket": "other_double_entity",
      "n": 84,
      "path_em": 0.0,
      "path_em_ci": [
        0.0,
        0.0
      ],
      "entity_f1": 0.08578804513763863,
      "entity_f1_ci": [
        0.03640481582554756,
        0.14909420976494148
      ],
      "well_formed": 1.0,