{
  "overall": {
    "bucket": "overall",
    "n": 15627,
    "path_em": 0.07224675241569078,
    "path_em_ci": [
      0.06808728482754207,
      0.07634222819479107
    ],
    "entity_f1": 0.4086460191062559,
    "entity_f1_ci": [
      0.397508918267382,
      0.41987438723404075
    ],
    "well_formed": 1.0,
    "gold_executable": 0.44531899916810647,
    "pred_nonempty": 0.4661803289178985
  },
  "by_length": [
    {
      "bucket": "L1",
      "n": 5984,
      "path_em": 0.08689839572192513,
      "path_em_ci": [
        0.08004679144385027,
        0.09358706550802139
      ],
      "entity_f1": 0.5662202948196958,
      "entity_f1_ci": [
        0.548120120779176,
        0.5845906850493142
      ],
      "well_formed": 1.0,
      "gold_executable": 0.48863636363636365,
      "pred_nonempty": 0.5812165775401069
    },
    {
      "bucket": "L2",
      "n": 5425,
      "path_em": 0.08018433179723503,
      "path_em_ci": [
        0.07317511520737327,
        0.08774193548387096
      ],
      "entity_f1": 0.2892727535817163,
      "entity_f1_ci": [
        0.27376367467159196,
        0.30463024903410707
      ],
      "well_formed": 1.0,
      "gold_executable": 0.5458064516129032,
      "pred_nonempty": 0.4670967741935484
    },
    {
      "bucket": "L3",
      "n": 1732,
      "path_em": 0.061200923787528866,
      "path_em_ci": [
        0.05021651270207853,
        0.07332563510392609
      ],
      "entity_f1": 0.3286146041703469,
      "entity_f1_ci": [
        0.28543806200054506,
        0.3695652109726583
      ],
      "well_formed": 1.0,
      "gold_executable": 0.2471131639722864,
      "pred_nonempty": 0.30658198614318705
    },
    {
      "bucket": "L4+",
      "n": 2486,
      "path_em": 0.027353177795655673,
      "path_em_ci": [
        0.02091713596138375,
        0.03378921962992759
      ],
      "entity_f1": 0.2955972615592466,
      "entity_f1_ci": [
        0.2650930542479272,
        0.32585030746222904
      ],
      "well_formed": 1.0,
      "gold_executable": 0.2598551890587289,
      "pred_nonempty": 0.29847144006436044
    }
  ],
  "by_operator": [
    {
      "bucket": "exec_common",
      "n": 44,
      "path_em": 0.5681818181818182,
      "path_em_ci": [
        0.4090909090909091,
        0.7045454545454546
      ],
      "entity_f1": 0.7345307068947272,
      "entity_f1_ci": [
        0.5559504654140281,
        0.8830446843604738
      ],
      "well_formed": 1.0,
      "gold_executable": 0.5909090909090909,
      "pred_nonempty": 0.5681818181818182
    },
    {
      "bucket": "exec_difference",
      "n": 150,
      "path_em": 0.17333333333333334,
      "path_em_ci": [
        0.11333333333333333,
        0.23333333333333334
      ],
      "entity_f1": 0.4787797588749436,
      "entity_f1_ci": [
        0.38332198666395195,
        0.5774209611310676
      ],
      "well_formed": 1.0,
      "gold_executable": 0.6266666666666667,
      "pred_nonempty": 0.6533333333333333
    },
    {
      "bucket": "filter",
      "n": 4485,
      "path_em": 0.0274247491638796,
      "path_em_ci": [
        0.02274247491638796,
        0.032107023411371234
      ],
      "entity_f1": 0.3092411572004935,
      "entity_f1_ci": [
        0.28211207217007234,
        0.3395252137717796
      ],
      "well_formed": 1.0,
      "gold_executable": 0.2004459308807135,
      "pred_nonempty": 0.2548494983277592
    },
    {
      "bucket": "plain",
      "n": 10657,
      "path_em": 0.08942479121704044,
      "path_em_ci": [
        0.08379234306089894,
        0.09496340433517875
      ],
      "entity_f1": 0.42871277545272735,
      "entity_f1_ci": [
        0.41503101974923634,
        0.4420597372495158
      ],
      "well_formed": 1.0,
      "gold_executable": 0.5385192831003096,
      "pred_nonempty": 0.5504363329267148
    },
    {
      "bucket": "select",
      "n": 291,
      "path_em": 0.006872852233676976,
      "path_em_ci": [
        0.0,
        0.01718213058419244
      ],
      "entity_f1": 0.2053439432859748,
      "entity_f1_ci": [
        0.1497391093313918,
        0.2608021383976716
      ],
      "well_formed": 1.0,
      "gold_executable": 0.6907216494845361,
      "pred_nonempty": 0.5257731958762887
    }
  ],
  "by_section": [
    {
      "bucket": "common_and_differences",
      "n": 100,
      "path_em": 0.26,
      "path_em_ci": [
        0.18,
        0.34
      ],
      "entity_f1": 0.4787797588749436,
      "entity_f1_ci": [
        0.38332198666395195,
        0.5774209611310676
      ],
      "well_formed": 1.0,
      "gold_executable": 0.94,
      "pred_nonempty": 0.77
    },
    {
      "bucket": "double_entity",
      "n": 50,
      "path_em": 0.04,
      "path_em_ci": [
        0.0,
        0.1
      ],
      "entity_f1": 0.06,
      "entity_f1_ci": [
        0.0,
        0.14
      ],
      "well_formed": 1.0,
      "gold_executable": 1.0,
      "pred_nonempty": 0.08
    },
    {
      "bucket": "entity_in_path",
      "n": 251,
      "path_em": 0.099601593625498,
      "path_em_ci": [
        0.06374501992031872,
        0.1394422310756972
      ],
      "entity_f1": 0.23260840399224114,
      "entity_f1_ci": [
        0.15031855955678672,
        0.3129231462352022
      ],
      "well_formed": 1.0,
      "gold_executable": 0.3784860557768924,
      "pred_nonempty": 0.5976095617529881
    },
    {
      "bucket": "intra_relationship",
      "n": 4734,
      "path_em": 0.001478664976763836,
      "path_em_ci": [
        0.0004224757076468103,
        0.0025348542458808617
      ],
      "entity_f1": 0.534132640352736,
      "entity_f1_ci": [
        0.5098923561154423,
        0.5581488746500708
      ],
      "well_formed": 1.0,
      "gold_executable": 0.36248415716096327,
      "pred_nonempty": 0.5090832277144064
    },
    {
      "bucket": "multi_hop_relationship",
      "n": 4790,
      "path_em": 0.10751565762004175,
      "path_em_ci": [
        0.09874739039665971,
        0.1162839248434238
      ],
      "entity_f1": 0.49334199194213063,
      "entity_f1_ci": [
        0.4693835017037535,
        0.5183205762054
      ],
      "well_formed": 1.0,
      "gold_executable": 0.3173277661795407,
      "pred_nonempty": 0.4490605427974948
    },
    {
      "bucket": "multi_with_more_filter",
      "n": 153,
      "path_em": 0.0,
      "path_em_ci": [
        0.0,
        0.0
      ],
      "entity_f1": NaN,
      "entity_f1_ci": [
        NaN,
        NaN
      ],
      "well_formed": 1.0,
      "gold_executable": 0.0,
      "pred_nonempty": 0.20915032679738563
    },
    {
      "bucket": "multifilter",
      "n": 4,
      "path_em": 0.0,
      "path_em_ci": [
        0.0,
        0.0
      ],
      "entity_f1": 0.0,
      "entity_f1_ci": [
        0.0,
        0.0
      ],
      "well_formed": 1.0,
      "gold_executable": 0.75,
      "pred_nonempty": 0.0
    },
    {
      "bucket": "multihop_no_entity",
      "n": 80,
      "path_em": 0.0125,
      "path_em_ci": [
        0.0,
        0.0375
      ],
      "entity_f1": 0.06541001880676967,
      "entity_f1_ci": [
        0.023069049528757494,
        0.12064006721552661
      ],
      "well_formed": 1.0,
      "gold_executable": 0.75,
      "pred_nonempty": 0.35
    },
    {
      "bucket": "multihop_one_entity_filter",
      "n": 1101,
      "path_em": 0.008174386920980926,
      "path_em_ci": [
        0.0036330608537693005,
        0.013623978201634877
      ],
      "entity_f1": 0.5036630036630036,
      "entity_f1_ci": [
        0.38033424908424923,
        0.6369619963369964
      ],
      "well_formed": 1.0,
      "gold_executable": 0.047229791099000905,
      "pred_nonempty": 0.12352406902815623
    },
    {
      "bucket": "other_double_entity",
      "n": 84,
      "path_em": 0.0,
      "path_em_ci": [
        0.0,
        0.0
      ],
      "entity_f1": 0.43017234878635285,
      "entity_f1_ci": [
        0.31371752226625665,
        0.5365853658536586
      ],
      "well_formed": 1.0,