{
  "overall": {
    "bucket": "overall",
    "n": 15627,
    "path_em": 0.3483074166506687,
    "path_em_ci": [
      0.34107314263774235,
      0.3555384910731426
    ],
    "entity_f1": 0.4288547008127062,
    "entity_f1_ci": [
      0.41744326538594384,
      0.4414348836637744
    ],
    "well_formed": 1.0,
    "gold_executable": 0.44531899916810647,
    "pred_nonempty": 0.502463684648365
  },
  "by_length": [
    {
      "bucket": "L1",
      "n": 5984,
      "path_em": 0.3104946524064171,
      "path_em_ci": [
        0.2984625668449198,
        0.32202957887700534
      ],
      "entity_f1": 0.4691463849782708,
      "entity_f1_ci": [
        0.4505787438765425,
        0.4874042311232939
      ],
      "well_formed": 1.0,
      "gold_executable": 0.48863636363636365,
      "pred_nonempty": 0.46607620320855614
    },
    {
      "bucket": "L2",
      "n": 5425,
      "path_em": 0.36682027649769583,
      "path_em_ci": [
        0.35465437788018433,
        0.3799078341013825
      ],
      "entity_f1": 0.332414951708026,
      "entity_f1_ci": [
        0.31610007192734735,
        0.34817945561090924
      ],
      "well_formed": 1.0,
      "gold_executable": 0.5458064516129032,
      "pred_nonempty": 0.5752995391705069
    },
    {
      "bucket": "L3",
      "n": 1732,
      "path_em": 0.06408775981524249,
      "path_em_ci": [
        0.05310334872979216,
        0.07564953810623555
      ],
      "entity_f1": 0.6514778882371218,
      "entity_f1_ci": [
        0.6182884192976531,
        0.6845395602823562
      ],
      "well_formed": 1.0,
      "gold_executable": 0.2471131639722864,
      "pred_nonempty": 0.7771362586605081
    },
    {
      "bucket": "L4+",
      "n": 2486,
      "path_em": 0.5969428801287209,
      "path_em_ci": [
        0.5776246983105391,
        0.6166532582461786
      ],
      "entity_f1": 0.5410257354585226,
      "entity_f1_ci": [
        0.5041787387249526,
        0.5761533989730625
      ],
      "well_formed": 1.0,
      "gold_executable": 0.2598551890587289,
      "pred_nonempty": 0.23974255832662913
    }
  ],
  "by_operator": [
    {
      "bucket": "exec_common",
      "n": 44,
      "path_em": 0.4772727272727273,
      "path_em_ci": [
        0.3409090909090909,
        0.6136363636363636
      ],
      "entity_f1": 0.7151835093011564,
      "entity_f1_ci": [
        0.5384615384615384,
        0.8690296631473102
      ],
      "well_formed": 1.0,
      "gold_executable": 0.5909090909090909,
      "pred_nonempty": 0.5909090909090909
    },
    {
      "bucket": "exec_difference",
      "n": 150,
      "path_em": 0.06,
      "path_em_ci": [
        0.02666666666666667,
        0.1
      ],
      "entity_f1": 0.3356973995271868,
      "entity_f1_ci": [
        0.23995271867612294,
        0.43617021276595747
      ],
      "well_formed": 1.0,
      "gold_executable": 0.6266666666666667,
      "pred_nonempty": 0.5133333333333333
    },
    {
      "bucket": "filter",
      "n": 4485,
      "path_em": 0.40758082497212933,
      "path_em_ci": [
        0.3930880713489409,
        0.42073578595317723
      ],
      "entity_f1": 0.6718687582235434,
      "entity_f1_ci": [
        0.6454800198060408,
        0.6986335837602281
      ],
      "well_formed": 1.0,
      "gold_executable": 0.2004459308807135,
      "pred_nonempty": 0.39219620958751394
    },
    {
      "bucket": "plain",
      "n": 10657,
      "path_em": 0.33161302430327483,
      "path_em_ci": [
        0.32269869569297177,
        0.34062353382753124
      ],
      "entity_f1": 0.3888420807952481,
      "entity_f1_ci": [
        0.3771229712034812,
        0.3998896521901014
      ],
      "well_formed": 1.0,
      "gold_executable": 0.5385192831003096,
      "pred_nonempty": 0.5433987050764756
    },
    {
      "bucket": "select",
      "n": 291,
      "path_em": 0.17525773195876287,
      "path_em_ci": [
        0.13393470790378015,
        0.21993127147766323
      ],
      "entity_f1": 0.4909195066235949,
      "entity_f1_ci": [
        0.42925694429588007,
        0.5577059835398577
      ],
      "well_formed": 1.0,
      "gold_executable": 0.6907216494845361,
      "pred_nonempty": 0.6838487972508591
    }
  ],
  "by_section": [
    {
      "bucket": "common_and_differences",
      "n": 100,
      "path_em": 0.09,
      "path_em_ci": [
        0.04,
        0.14
      ],
      "entity_f1": 0.3356973995271868,
      "entity_f1_ci": [
        0.23995271867612294,
        0.43617021276595747
      ],
      "well_formed": 1.0,
      "gold_executable": 0.94,
      "pred_nonempty": 0.59
    },
    {
      "bucket": "double_entity",
      "n": 50,
      "path_em": 0.3,
      "path_em_ci": [
        0.18,
        0.44
      ],
      "entity_f1": 0.56,
      "entity_f1_ci": [
        0.44,
        0.7
      ],
      "well_formed": 1.0,
      "gold_executable": 1.0,
      "pred_nonempty": 0.58
    },
    {
      "bucket": "entity_in_path",
      "n": 251,
      "path_em": 0.1553784860557769,
      "path_em_ci": [
        0.11155378486055777,
        0.199203187250996
      ],
      "entity_f1": 0.5354105474848508,
      "entity_f1_ci": [
        0.44062984573046493,
        0.6284996427720886
      ],
      "well_formed": 1.0,
      "gold_executable": 0.3784860557768924,
      "pred_nonempty": 0.6533864541832669
    },
    {
      "bucket": "intra_relationship",
      "n": 4734,
      "path_em": 0.15061258977608788,
      "path_em_ci": [
        0.14067912970004226,
        0.1599123362906633
      ],
      "entity_f1": 0.14768033003678938,
      "entity_f1_ci": [
        0.13168944509105993,
        0.16458224374641842
      ],
      "well_formed": 1.0,
      "gold_executable": 0.36248415716096327,
      "pred_nonempty": 0.3409378960709759
    },
    {
      "bucket": "multi_hop_relationship",
      "n": 4790,
      "path_em": 0.32233820459290186,
      "path_em_ci": [
        0.3089770354906054,
        0.33591858037578287
      ],
      "entity_f1": 0.4146733545823289,
      "entity_f1_ci": [
        0.39100958849437706,
        0.4376816484342319
      ],
      "well_formed": 1.0,
      "gold_executable": 0.3173277661795407,
      "pred_nonempty": 0.5572025052192067
    },
    {
      "bucket": "multi_with_more_filter",
      "n": 153,
      "path_em": 0.5163398692810458,
      "path_em_ci": [
        0.43790849673202614,
        0.5882352941176471
      ],
      "entity_f1": NaN,
      "entity_f1_ci": [
        NaN,
        NaN
      ],
      "well_formed": 1.0,
      "gold_executable": 0.0,
      "pred_nonempty": 0.10457516339869281
    },
    {
      "bucket": "multifilter",
      "n": 4,
      "path_em": 0.0,
      "path_em_ci": [
        0.0,
        0.0
      ],
      "entity_f1": 0.0,
      "entity_f1_ci": [
        0.0,
        0.0
      ],
      "well_formed": 1.0,
      "gold_executable": 0.75,
      "pred_nonempty": 0.25
    },
    {
      "bucket": "multihop_no_entity",
      "n": 80,
      "path_em": 0.4375,
      "path_em_ci": [
        0.325,
        0.55
      ],
      "entity_f1": 0.6801801801801801,
      "entity_f1_ci": [
        0.5666616616616617,
        0.7889026526526526
      ],
      "well_formed": 1.0,
      "gold_executable": 0.75,
      "pred_nonempty": 0.75
    },
    {
      "bucket": "multihop_one_entity_filter",
      "n": 1101,
      "path_em": 0.8083560399636693,
      "path_em_ci": [
        0.784741144414169,
        0.8310853769300635
      ],
      "entity_f1": 0.7807692307692308,
      "entity_f1_ci": [
        0.6576923076923078,
        0.8846153846153846
      ],
      "well_formed": 1.0,
      "gold_executable": 0.047229791099000905,
      "pred_nonempty": 0.08083560399636694
    },
    {
      "bucket": "other_double_entity",
      "n": 84,
      "path_em": 0.21428571428571427,
      "path_em_ci": [
        0.13095238095238096,
        0.30952380952380953
      ],
      "entity_f1": 0.46836085441599756,
      "entity_f1_ci": [
        0.35993031358885014,
        0.5732612482957127
      ],