{
  "overall": {
    "bucket": "overall",
    "n": 15627,
    "path_em": 0.3813271901196647,
    "path_em_ci": [
      0.3737105650476739,
      0.38951974147309143
    ],
    "entity_f1": 0.5538726413503485,
    "entity_f1_ci": [
      0.5422021479199433,
      0.5649813150993497
    ],
    "well_formed": 1.0,
    "gold_executable": 0.44531899916810647,
    "pred_nonempty": 0.6096499648045051
  },
  "by_length": [
    {
      "bucket": "L1",
      "n": 5984,
      "path_em": 0.4338235294117647,
      "path_em_ci": [
        0.42129010695187163,
        0.4461940173796791
      ],
      "entity_f1": 0.6966018484114284,
      "entity_f1_ci": [
        0.6802419654553968,
        0.7137368318939283
      ],
      "well_formed": 1.0,
      "gold_executable": 0.48863636363636365,
      "pred_nonempty": 0.7269385026737968
    },
    {
      "bucket": "L2",
      "n": 5425,
      "path_em": 0.4217511520737327,
      "path_em_ci": [
        0.40921198156682026,
        0.43502304147465437
      ],
      "entity_f1": 0.42720881474076366,
      "entity_f1_ci": [
        0.40976004747427963,
        0.44483544195118835
      ],
      "well_formed": 1.0,
      "gold_executable": 0.5458064516129032,
      "pred_nonempty": 0.6134562211981567
    },
    {
      "bucket": "L3",
      "n": 1732,
      "path_em": 0.06986143187066975,
      "path_em_ci": [
        0.057736720554272515,
        0.08140877598152425
      ],
      "entity_f1": 0.6673599268346702,
      "entity_f1_ci": [
        0.6327849186263618,
        0.7008656986607311
      ],
      "well_formed": 1.0,
      "gold_executable": 0.2471131639722864,
      "pred_nonempty": 0.6541570438799076
    },
    {
      "bucket": "L4+",
      "n": 2486,
      "path_em": 0.3837489943684634,
      "path_em_ci": [
        0.3656375703942076,
        0.4030571198712792
      ],
      "entity_f1": 0.41322067688764613,
      "entity_f1_ci": [
        0.37379756549581483,
        0.4490324701939299
      ],
      "well_formed": 1.0,
      "gold_executable": 0.2598551890587289,
      "pred_nonempty": 0.28801287208366855
    }
  ],
  "by_operator": [
    {
      "bucket": "exec_common",
      "n": 44,
      "path_em": 0.6136363636363636,
      "path_em_ci": [
        0.4772727272727273,
        0.75
      ],
      "entity_f1": 0.838419446490582,
      "entity_f1_ci": [
        0.6880616647374515,
        0.9615384615384616
      ],
      "well_formed": 1.0,
      "gold_executable": 0.5909090909090909,
      "pred_nonempty": 0.6818181818181818
    },
    {
      "bucket": "exec_difference",
      "n": 150,
      "path_em": 0.1,
      "path_em_ci": [
        0.06,
        0.14666666666666667
      ],
      "entity_f1": 0.28675411934090544,
      "entity_f1_ci": [
        0.20209033221351252,
        0.37335559643790334
      ],
      "well_formed": 1.0,
      "gold_executable": 0.6266666666666667,
      "pred_nonempty": 0.4666666666666667
    },
    {
      "bucket": "filter",
      "n": 4485,
      "path_em": 0.27670011148272017,
      "path_em_ci": [
        0.2633221850613155,
        0.28986064659977706
      ],
      "entity_f1": 0.5895186632304084,
      "entity_f1_ci": [
        0.5619559636765954,
        0.6170346309261567
      ],
      "well_formed": 1.0,
      "gold_executable": 0.2004459308807135,
      "pred_nonempty": 0.3665551839464883
    },
    {
      "bucket": "plain",
      "n": 10657,
      "path_em": 0.4302336492446279,
      "path_em_ci": [
        0.4202847893403397,
        0.43999249319695977
      ],
      "entity_f1": 0.5515133832989728,
      "entity_f1_ci": [
        0.5404160606318283,
        0.5651797745032315
      ],
      "well_formed": 1.0,
      "gold_executable": 0.5385192831003096,
      "pred_nonempty": 0.70676550624003
    },
    {
      "bucket": "select",
      "n": 291,
      "path_em": 0.3127147766323024,
      "path_em_ci": [
        0.2611683848797251,
        0.36769759450171824
      ],
      "entity_f1": 0.5499170812603649,
      "entity_f1_ci": [
        0.4815920398009951,
        0.6218988391376451
      ],
      "well_formed": 1.0,
      "gold_executable": 0.6907216494845361,
      "pred_nonempty": 0.8625429553264605
    }
  ],
  "by_section": [
    {
      "bucket": "common_and_differences",
      "n": 100,
      "path_em": 0.15,
      "path_em_ci": [
        0.09,
        0.23
      ],
      "entity_f1": 0.28675411934090544,
      "entity_f1_ci": [
        0.20209033221351252,
        0.37335559643790334
      ],
      "well_formed": 1.0,
      "gold_executable": 0.94,
      "pred_nonempty": 0.67
    },
    {
      "bucket": "double_entity",
      "n": 50,
      "path_em": 0.76,
      "path_em_ci": [
        0.64,
        0.86
      ],
      "entity_f1": 0.94,
      "entity_f1_ci": [
        0.86,
        1.0
      ],
      "well_formed": 1.0,
      "gold_executable": 1.0,
      "pred_nonempty": 0.98
    },
    {
      "bucket": "entity_in_path",
      "n": 251,
      "path_em": 0.2549800796812749,
      "path_em_ci": [
        0.20318725099601595,
        0.3107569721115538
      ],
      "entity_f1": 0.6877077783377733,
      "entity_f1_ci": [
        0.5978656730746154,
        0.7796769865841072
      ],
      "well_formed": 1.0,
      "gold_executable": 0.3784860557768924,
      "pred_nonempty": 0.6693227091633466
    },
    {
      "bucket": "intra_relationship",
      "n": 4734,
      "path_em": 0.32108153781157583,
      "path_em_ci": [
        0.30798479087452474,
        0.33523975496408953
      ],
      "entity_f1": 0.5765790031340271,
      "entity_f1_ci": [
        0.5526749645888402,
        0.5995477269938992
      ],
      "well_formed": 1.0,
      "gold_executable": 0.36248415716096327,
      "pred_nonempty": 0.672581326573722
    },
    {
      "bucket": "multi_hop_relationship",
      "n": 4790,
      "path_em": 0.3457202505219207,
      "path_em_ci": [
        0.33339770354906056,
        0.35991649269311066
      ],
      "entity_f1": 0.5033481294159482,
      "entity_f1_ci": [
        0.47913172823986877,
        0.528310363404305
      ],
      "well_formed": 1.0,
      "gold_executable": 0.3173277661795407,
      "pred_nonempty": 0.579749478079332
    },
    {
      "bucket": "multi_with_more_filter",
      "n": 153,
      "path_em": 0.1503267973856209,
      "path_em_ci": [
        0.0915032679738562,
        0.20261437908496732
      ],
      "entity_f1": NaN,
      "entity_f1_ci": [
        NaN,
        NaN
      ],
      "well_formed": 1.0,
      "gold_executable": 0.0,
      "pred_nonempty": 0.10457516339869281
    },
    {
      "bucket": "multifilter",
      "n": 4,
      "path_em": 0.0,
      "path_em_ci": [
        0.0,
        0.0
      ],
      "entity_f1": 0.0,
      "entity_f1_ci": [
        0.0,
        0.0
      ],
      "well_formed": 1.0,
      "gold_executable": 0.75,
      "pred_nonempty": 0.0
    },
    {
      "bucket": "multihop_no_entity",
      "n": 80,
      "path_em": 0.1375,
      "path_em_ci": [
        0.0625,
        0.2125
      ],
      "entity_f1": 0.32657822631854744,
      "entity_f1_ci": [
        0.23275904082620327,
        0.4306363380191873
      ],
      "well_formed": 1.0,
      "gold_executable": 0.75,
      "pred_nonempty": 0.675
    },
    {
      "bucket": "multihop_one_entity_filter",
      "n": 1101,
      "path_em": 0.37057220708446864,
      "path_em_ci": [
        0.34150772025431425,
        0.39872842870118075
      ],
      "entity_f1": 0.36538461538461536,
      "entity_f1_ci": [
        0.23076923076923078,
        0.4807692307692308
      ],
      "well_formed": 1.0,
      "gold_executable": 0.047229791099000905,
      "pred_nonempty": 0.1771117166212534
    },
    {
      "bucket": "other_double_entity",
      "n": 84,
      "path_em": 0.19047619047619047,
      "path_em_ci": [
        0.10714285714285714,
        0.27380952380952384
      ],
      "entity_f1": 0.24390243902439024,
      "entity_f1_ci": [
        0.15853658536585366,
        0.34146341463414637
      ],