{
  "overall": {
    "bucket": "overall",
    "n": 15627,
    "path_em": 0.010622640302041339,
    "path_em_ci": [
      0.009086836884878735,
      0.012224035323478592
    ],
    "entity_f1": 0.35267619548363277,
    "entity_f1_ci": [
      0.34152056993764085,
      0.3641189292811346
    ],
    "well_formed": 0.9999360081909515,
    "gold_executable": 0.43335253087604786,
    "pred_nonempty": 0.38817431368784794
  },
  "by_length": [
    {
      "bucket": "L1",
      "n": 5984,
      "path_em": 0.01019385026737968,
      "path_em_ci": [
        0.00768716577540107,
        0.01270053475935829
      ],
      "entity_f1": 0.4338138684101266,
      "entity_f1_ci": [
        0.41586377256606566,
        0.4529379877085399
      ],
      "well_formed": 0.9998328877005348,
      "gold_executable": 0.48863636363636365,
      "pred_nonempty": 0.3614639037433155
    },
    {
      "bucket": "L2",
      "n": 5425,
      "path_em": 0.012534562211981567,
      "path_em_ci": [
        0.009769585253456222,
        0.015299539170506913
      ],
      "entity_f1": 0.3385277220457614,
      "entity_f1_ci": [
        0.32054463314672205,
        0.35504900329057354
      ],
      "well_formed": 1.0,
      "gold_executable": 0.5458064516129032,
      "pred_nonempty": 0.5323502304147465
    },
    {
      "bucket": "L3",
      "n": 1732,
      "path_em": 0.002886836027713626,
      "path_em_ci": [
        0.0005773672055427252,
        0.005773672055427252
      ],
      "entity_f1": 0.044830104023038296,
      "entity_f1_ci": [
        0.02938410988951248,
        0.0624364807577055
      ],
      "well_formed": 1.0,
      "gold_executable": 0.2471131639722864,
      "pred_nonempty": 0.1374133949191686
    },
    {
      "bucket": "L4+",
      "n": 2486,
      "path_em": 0.012872083668543845,
      "path_em_ci": [
        0.008447304907481898,
        0.01729686242960579
      ],
      "entity_f1": 0.21412543591414143,
      "entity_f1_ci": [
        0.18224242816339228,
        0.24750611311253937
      ],
      "well_formed": 1.0,
      "gold_executable": 0.1846339501206758,
      "pred_nonempty": 0.31255028157683024
    }
  ],
  "by_operator": [
    {
      "bucket": "exec_common",
      "n": 44,
      "path_em": 0.20454545454545456,
      "path_em_ci": [
        0.09090909090909091,
        0.3187499999999995
      ],
      "entity_f1": 0.4531687803326853,
      "entity_f1_ci": [
        0.2876153402901552,
        0.6266311713706962
      ],
      "well_formed": 1.0,
      "gold_executable": 0.5909090909090909,
      "pred_nonempty": 0.6136363636363636
    },
    {
      "bucket": "exec_difference",
      "n": 150,
      "path_em": 0.06666666666666667,
      "path_em_ci": [
        0.033166666666666816,
        0.10666666666666667
      ],
      "entity_f1": 0.3238805325516101,
      "entity_f1_ci": [
        0.23550931627709884,
        0.407739760426054
      ],
      "well_formed": 1.0,
      "gold_executable": 0.6266666666666667,
      "pred_nonempty": 0.46
    },
    {
      "bucket": "filter",
      "n": 4485,
      "path_em": 0.002898550724637681,
      "path_em_ci": [
        0.0013377926421404682,
        0.0046822742474916385
      ],
      "entity_f1": 0.1884280494092111,
      "entity_f1_ci": [
        0.16304840273982127,
        0.21642894566886223
      ],
      "well_formed": 1.0,
      "gold_executable": 0.1629877369007804,
      "pred_nonempty": 0.24214046822742474
    },
    {
      "bucket": "plain",
      "n": 10657,
      "path_em": 0.012480060054424322,
      "path_em_ci": [
        0.010509524256357324,
        0.014452941728441398
      ],
      "entity_f1": 0.38465690319750057,
      "entity_f1_ci": [
        0.37142283829897205,
        0.39649870880527016
      ],
      "well_formed": 0.9999061649619968,
      "gold_executable": 0.5367364173782491,
      "pred_nonempty": 0.4511588627193394
    },
    {
      "bucket": "select",
      "n": 291,
      "path_em": 0.003436426116838488,
      "path_em_ci": [
        0.0,
        0.010309278350515464
      ],
      "entity_f1": 0.04038630377524144,
      "entity_f1_ci": [
        0.014925373134328358,
        0.07023705004389816
      ],
      "well_formed": 1.0,
      "gold_executable": 0.6907216494845361,
      "pred_nonempty": 0.2611683848797251
    }
  ],
  "by_section": [
    {
      "bucket": "common_and_differences",
      "n": 100,
      "path_em": 0.1,
      "path_em_ci": [
        0.04975000000000023,
        0.17
      ],
      "entity_f1": 0.3238805325516101,
      "entity_f1_ci": [
        0.23550931627709884,
        0.407739760426054
      ],
      "well_formed": 1.0,
      "gold_executable": 0.94,
      "pred_nonempty": 0.64
    },
    {
      "bucket": "double_entity",
      "n": 50,
      "path_em": 0.0,
      "path_em_ci": [
        0.0,
        0.0
      ],
      "entity_f1": 0.02,
      "entity_f1_ci": [
        0.0,
        0.06
      ],
      "well_formed": 1.0,
      "gold_executable": 1.0,
      "pred_nonempty": 0.02
    },
    {
      "bucket": "entity_in_path",
      "n": 251,
      "path_em": 0.035856573705179286,
      "path_em_ci": [
        0.01195219123505976,
        0.055776892430278883
      ],
      "entity_f1": 0.13455145566999807,
      "entity_f1_ci": [
        0.07476993869904747,
        0.1979450854297561
      ],
      "well_formed": 1.0,
      "gold_executable": 0.3784860557768924,
      "pred_nonempty": 0.38247011952191234
    },
    {
      "bucket": "intra_relationship",
      "n": 4734,
      "path_em": 0.0021123785382340513,
      "path_em_ci": [
        0.0008449514152936206,
        0.0033798056611744824
      ],
      "entity_f1": 0.3092823842823843,
      "entity_f1_ci": [
        0.2895784077034077,
        0.3298004079254079
      ],
      "well_formed": 0.9997887621461766,
      "gold_executable": 0.36248415716096327,
      "pred_nonempty": 0.2410223912125053
    },
    {
      "bucket": "multi_hop_relationship",
      "n": 4790,
      "path_em": 0.010438413361169102,
      "path_em_ci": [
        0.0077244258872651355,
        0.013569937369519834
      ],
      "entity_f1": 0.49111308212218097,
      "entity_f1_ci": [
        0.46244467240091397,
        0.5174816551724687
      ],
      "well_formed": 1.0,
      "gold_executable": 0.27849686847599164,
      "pred_nonempty": 0.43799582463465553
    },
    {
      "bucket": "multi_with_more_filter",
      "n": 153,
      "path_em": 0.0,
      "path_em_ci": [
        0.0,
        0.0
      ],
      "entity_f1": NaN,
      "entity_f1_ci": [
        NaN,
        NaN
      ],
      "well_formed": 1.0,
      "gold_executable": 0.0,
      "pred_nonempty": 0.032679738562091505
    },
    {
      "bucket": "multifilter",
      "n": 4,
      "path_em": 0.0,
      "path_em_ci": [
        0.0,
        0.0
      ],
      "entity_f1": 0.0,
      "entity_f1_ci": [
        0.0,
        0.0
      ],
      "well_formed": 1.0,
      "gold_executable": 0.5,
      "pred_nonempty": 0.0
    },
    {
      "bucket": "multihop_no_entity",
      "n": 80,
      "path_em": 0.025,
      "path_em_ci": [
        0.0,
        0.0625
      ],
      "entity_f1": 0.07806727322856354,
      "entity_f1_ci": [
        0.023766197959746348,
        0.14571787979046041
      ],
      "well_formed": 1.0,
      "gold_executable": 0.75,
      "pred_nonempty": 0.325
    },
    {
      "bucket": "multihop_one_entity_filter",
      "n": 1101,
      "path_em": 0.004541326067211626,
      "path_em_ci": [
        0.0009082652134423251,
        0.009082652134423252
      ],
      "entity_f1": 0.47752486398741456,
      "entity_f1_ci": [
        0.3510134994990764,
        0.6103822697395571
      ],
      "well_formed": 1.0,
      "gold_executable": 0.047229791099000905,
      "pred_nonempty": 0.2652134423251589
    },
    {
      "bucket": "other_double_entity",
      "n": 84,
      "path_em": 0.011904761904761904,
      "path_em_ci": [
        0.0,
        0.03571428571428571
      ],
      "entity_f1": 0.0746054519368723,