{
  "overall": {
    "bucket": "overall",
    "n": 15627,
    "path_em": 0.060344275932680616,
    "path_em_ci": [
      0.056504767389774106,
      0.06392941703461957
    ],
    "entity_f1": 0.35990283219714647,
    "entity_f1_ci": [
      0.34854710594154087,
      0.37223444209460943
    ],
    "well_formed": 1.0,
    "gold_executable": 0.43335253087604786,
    "pred_nonempty": 0.400780700070391
  },
  "by_length": [
    {
      "bucket": "L1",
      "n": 5984,
      "path_em": 0.07754010695187166,
      "path_em_ci": [
        0.07101854946524065,
        0.08455882352941177
      ],
      "entity_f1": 0.5037140221659546,
      "entity_f1_ci": [
        0.4856819132248557,
        0.5210529427174934
      ],
      "well_formed": 1.0,
      "gold_executable": 0.48863636363636365,
      "pred_nonempty": 0.415274064171123
    },
    {
      "bucket": "L2",
      "n": 5425,
      "path_em": 0.08294930875576037,
      "path_em_ci": [
        0.07594009216589861,
        0.09032258064516129
      ],
      "entity_f1": 0.28864522893270816,
      "entity_f1_ci": [
        0.2728101938973098,
        0.30392446344829754
      ],
      "well_formed": 1.0,
      "gold_executable": 0.5458064516129032,
      "pred_nonempty": 0.48202764976958523
    },
    {
      "bucket": "L3",
      "n": 1732,
      "path_em": 0.0005773672055427252,
      "path_em_ci": [
        0.0,
        0.0017321016166281756
      ],
      "entity_f1": 0.026030384356203615,
      "entity_f1_ci": [
        0.012917664245362134,
        0.039567130800806934
      ],
      "well_formed": 1.0,
      "gold_executable": 0.2471131639722864,
      "pred_nonempty": 0.18187066974595842
    },
    {
      "bucket": "L4+",
      "n": 2486,
      "path_em": 0.011263073209975865,
      "path_em_ci": [
        0.007240547063555913,
        0.015285599356395816
      ],
      "entity_f1": 0.21477701841311636,
      "entity_f1_ci": [
        0.18317101517301587,
        0.24866255061752784
      ],
      "well_formed": 1.0,
      "gold_executable": 0.1846339501206758,
      "pred_nonempty": 0.3411102172164119
    }
  ],
  "by_operator": [
    {
      "bucket": "exec_common",
      "n": 44,
      "path_em": 0.13636363636363635,
      "path_em_ci": [
        0.045454545454545456,
        0.25
      ],
      "entity_f1": 0.2812783693798585,
      "entity_f1_ci": [
        0.14108486332598305,
        0.43358017009152977
      ],
      "well_formed": 1.0,
      "gold_executable": 0.5909090909090909,
      "pred_nonempty": 0.4090909090909091
    },
    {
      "bucket": "exec_difference",
      "n": 150,
      "path_em": 0.08666666666666667,
      "path_em_ci": [
        0.04,
        0.13333333333333333
      ],
      "entity_f1": 0.34094476089621767,
      "entity_f1_ci": [
        0.25708767731657783,
        0.43493133487233837
      ],
      "well_formed": 1.0,
      "gold_executable": 0.6266666666666667,
      "pred_nonempty": 0.41333333333333333
    },
    {
      "bucket": "filter",
      "n": 4485,
      "path_em": 0.0026755852842809363,
      "path_em_ci": [
        0.0013377926421404682,
        0.00423634336677815
      ],
      "entity_f1": 0.22577884335438517,
      "entity_f1_ci": [
        0.19788624216187453,
        0.2536910519797463
      ],
      "well_formed": 1.0,
      "gold_executable": 0.1629877369007804,
      "pred_nonempty": 0.29453734671125975
    },
    {
      "bucket": "plain",
      "n": 10657,
      "path_em": 0.08548371962090645,
      "path_em_ci": [
        0.07994745237871821,
        0.09092615182509149
      ],
      "entity_f1": 0.388897030889085,
      "entity_f1_ci": [
        0.37531062508793994,
        0.400319027252898
      ],
      "well_formed": 1.0,
      "gold_executable": 0.5367364173782491,
      "pred_nonempty": 0.4473116261612086
    },
    {
      "bucket": "select",
      "n": 291,
      "path_em": 0.003436426116838488,
      "path_em_ci": [
        0.0,
        0.010309278350515464
      ],
      "entity_f1": 0.041614842454394695,
      "entity_f1_ci": [
        0.01771999378109453,
        0.07146558872305141
      ],
      "well_formed": 1.0,
      "gold_executable": 0.6907216494845361,
      "pred_nonempty": 0.32646048109965636
    }
  ],
  "by_section": [
    {
      "bucket": "common_and_differences",
      "n": 100,
      "path_em": 0.13,
      "path_em_ci": [
        0.07,
        0.2
      ],
      "entity_f1": 0.34094476089621767,
      "entity_f1_ci": [
        0.25708767731657783,
        0.43493133487233837
      ],
      "well_formed": 1.0,
      "gold_executable": 0.94,
      "pred_nonempty": 0.59
    },
    {
      "bucket": "double_entity",
      "n": 50,
      "path_em": 0.0,
      "path_em_ci": [
        0.0,
        0.0
      ],
      "entity_f1": 0.02,
      "entity_f1_ci": [
        0.0,
        0.06
      ],
      "well_formed": 1.0,
      "gold_executable": 1.0,
      "pred_nonempty": 0.1
    },
    {
      "bucket": "entity_in_path",
      "n": 251,
      "path_em": 0.02390438247011952,
      "path_em_ci": [
        0.00796812749003984,
        0.043824701195219126
      ],
      "entity_f1": 0.09803408004080337,
      "entity_f1_ci": [
        0.04538709388415885,
        0.1550518514370195
      ],
      "well_formed": 1.0,
      "gold_executable": 0.3784860557768924,
      "pred_nonempty": 0.4063745019920319
    },
    {
      "bucket": "intra_relationship",
      "n": 4734,
      "path_em": 0.020278833967046894,
      "path_em_ci": [
        0.016265314744402196,
        0.024503591043515
      ],
      "entity_f1": 0.4358974358974359,
      "entity_f1_ci": [
        0.4135538073038073,
        0.45784770784770784
      ],
      "well_formed": 1.0,
      "gold_executable": 0.36248415716096327,
      "pred_nonempty": 0.31305449936628643
    },
    {
      "bucket": "multi_hop_relationship",
      "n": 4790,
      "path_em": 0.03883089770354906,
      "path_em_ci": [
        0.03361169102296451,
        0.04447286012526096
      ],
      "entity_f1": 0.3416641830262688,
      "entity_f1_ci": [
        0.31539943301475676,
        0.3675408715465246
      ],
      "well_formed": 1.0,
      "gold_executable": 0.27849686847599164,
      "pred_nonempty": 0.40876826722338205
    },
    {
      "bucket": "multi_with_more_filter",
      "n": 153,
      "path_em": 0.0,
      "path_em_ci": [
        0.0,
        0.0
      ],
      "entity_f1": NaN,
      "entity_f1_ci": [
        NaN,
        NaN
      ],
      "well_formed": 1.0,
      "gold_executable": 0.0,
      "pred_nonempty": 0.026143790849673203
    },
    {
      "bucket": "multifilter",
      "n": 4,
      "path_em": 0.0,
      "path_em_ci": [
        0.0,
        0.0
      ],
      "entity_f1": 0.0,
      "entity_f1_ci": [
        0.0,
        0.0
      ],
      "well_formed": 1.0,
      "gold_executable": 0.5,
      "pred_nonempty": 0.0
    },
    {
      "bucket": "multihop_no_entity",
      "n": 80,
      "path_em": 0.0875,
      "path_em_ci": [
        0.0375,
        0.1503124999999997
      ],
      "entity_f1": 0.2021523094992204,
      "entity_f1_ci": [
        0.11045332528400462,
        0.30246445512625797
      ],
      "well_formed": 1.0,
      "gold_executable": 0.75,
      "pred_nonempty": 0.425
    },
    {
      "bucket": "multihop_one_entity_filter",
      "n": 1101,
      "path_em": 0.0,
      "path_em_ci": [
        0.0,
        0.0
      ],
      "entity_f1": 0.4722856228863094,
      "entity_f1_ci": [
        0.34772609578530633,
        0.6073311776207942
      ],
      "well_formed": 1.0,
      "gold_executable": 0.047229791099000905,
      "pred_nonempty": 0.27702089009990916
    },
    {
      "bucket": "other_double_entity",
      "n": 84,
      "path_em": 0.011904761904761904,
      "path_em_ci": [
        0.0,
        0.03571428571428571
      ],
      "entity_f1": 0.06542174796747967,
      "entity_f1_ci": [
        0.019045350609756106,
        0.1253810975609756
      ],
      "well_formed": 1.0,