{
  "overall": {
    "bucket": "overall",
    "n": 15627,
    "path_em": 0.4586292954501824,
    "path_em_ci": [
      0.4508142957701414,
      0.4663083125359954
    ],
    "entity_f1": 0.5930422854468577,
    "entity_f1_ci": [
      0.5809794216646709,
      0.6048751482158533
    ],
    "well_formed": 1.0,
    "gold_executable": 0.43335253087604786,
    "pred_nonempty": 0.5325398349011327
  },
  "by_length": [
    {
      "bucket": "L1",
      "n": 5984,
      "path_em": 0.5589906417112299,
      "path_em_ci": [
        0.5461229946524064,
        0.5716953542780748
      ],
      "entity_f1": 0.7635202430012737,
      "entity_f1_ci": [
        0.7484795164047326,
        0.778137659430522
      ],
      "well_formed": 1.0,
      "gold_executable": 0.48863636363636365,
      "pred_nonempty": 0.588903743315508
    },
    {
      "bucket": "L2",
      "n": 5425,
      "path_em": 0.5093087557603687,
      "path_em_ci": [
        0.4965852534562212,
        0.5220322580645161
      ],
      "entity_f1": 0.45745155850049046,
      "entity_f1_ci": [
        0.43974125718499907,
        0.47484589262893884
      ],
      "well_formed": 1.0,
      "gold_executable": 0.5458064516129032,
      "pred_nonempty": 0.60036866359447
    },
    {
      "bucket": "L3",
      "n": 1732,
      "path_em": 0.01674364896073903,
      "path_em_ci": [
        0.011547344110854504,
        0.023094688221709007
      ],
      "entity_f1": 0.6251240582431637,
      "entity_f1_ci": [
        0.5891215343221583,
        0.6580456885840272
      ],
      "well_formed": 1.0,
      "gold_executable": 0.2471131639722864,
      "pred_nonempty": 0.5877598152424942
    },
    {
      "bucket": "L4+",
      "n": 2486,
      "path_em": 0.414320193081255,
      "path_em_ci": [
        0.39662107803700725,
        0.4352373290426388
      ],
      "entity_f1": 0.35181264675897406,
      "entity_f1_ci": [
        0.3113997150808441,
        0.39301650225452617
      ],
      "well_formed": 1.0,
      "gold_executable": 0.1846339501206758,
      "pred_nonempty": 0.21037811745776347
    }
  ],
  "by_operator": [
    {
      "bucket": "exec_common",
      "n": 44,
      "path_em": 0.6136363636363636,
      "path_em_ci": [
        0.45454545454545453,
        0.75
      ],
      "entity_f1": 0.8710020497350814,
      "entity_f1_ci": [
        0.7366699539776463,
        0.9844834087481146
      ],
      "well_formed": 1.0,
      "gold_executable": 0.5909090909090909,
      "pred_nonempty": 0.6818181818181818
    },
    {
      "bucket": "exec_difference",
      "n": 150,
      "path_em": 0.0,
      "path_em_ci": [
        0.0,
        0.0
      ],
      "entity_f1": 0.02127659574468085,
      "entity_f1_ci": [
        0.0,
        0.05319148936170213
      ],
      "well_formed": 1.0,
      "gold_executable": 0.6266666666666667,
      "pred_nonempty": 0.35333333333333333
    },
    {
      "bucket": "filter",
      "n": 4485,
      "path_em": 0.3357859531772575,
      "path_em_ci": [
        0.3219565217391304,
        0.3487179487179487
      ],
      "entity_f1": 0.7195461017697028,
      "entity_f1_ci": [
        0.6941793610923055,
        0.7450497565523175
      ],
      "well_formed": 1.0,
      "gold_executable": 0.1629877369007804,
      "pred_nonempty": 0.3241917502787068
    },
    {
      "bucket": "plain",
      "n": 10657,
      "path_em": 0.526320728159895,
      "path_em_ci": [
        0.5173102186356385,
        0.5358942479121703
      ],
      "entity_f1": 0.5986943071141064,
      "entity_f1_ci": [
        0.5865937820859304,
        0.6115444608055611
      ],
      "well_formed": 1.0,
      "gold_executable": 0.5367364173782491,
      "pred_nonempty": 0.6210941165431172
    },
    {
      "bucket": "select",
      "n": 291,
      "path_em": 0.0859106529209622,
      "path_em_ci": [
        0.05489690721649492,
        0.12027491408934708
      ],
      "entity_f1": 0.20356550580431176,
      "entity_f1_ci": [
        0.14880804311774462,
        0.25787728026533996
      ],
      "well_formed": 1.0,
      "gold_executable": 0.6907216494845361,
      "pred_nonempty": 0.570446735395189
    }
  ],
  "by_section": [
    {
      "bucket": "common_and_differences",
      "n": 100,
      "path_em": 0.0,
      "path_em_ci": [
        0.0,
        0.0
      ],
      "entity_f1": 0.02127659574468085,
      "entity_f1_ci": [
        0.0,
        0.05319148936170213
      ],
      "well_formed": 1.0,
      "gold_executable": 0.94,
      "pred_nonempty": 0.53
    },
    {
      "bucket": "double_entity",
      "n": 50,
      "path_em": 0.04,
      "path_em_ci": [
        0.0,
        0.1
      ],
      "entity_f1": 0.04,
      "entity_f1_ci": [
        0.0,
        0.1
      ],
      "well_formed": 1.0,
      "gold_executable": 1.0,
      "pred_nonempty": 0.04
    },
    {
      "bucket": "entity_in_path",
      "n": 251,
      "path_em": 0.16334661354581673,
      "path_em_ci": [
        0.11952191235059761,
        0.20727091633466127
      ],
      "entity_f1": 0.4752216136117065,
      "entity_f1_ci": [
        0.37872496096954306,
        0.5694521843825249
      ],
      "well_formed": 1.0,
      "gold_executable": 0.3784860557768924,
      "pred_nonempty": 0.6095617529880478
    },
    {
      "bucket": "intra_relationship",
      "n": 4734,
      "path_em": 0.46789184621884244,
      "path_em_ci": [
        0.45457858048162236,
        0.48205006337135614
      ],
      "entity_f1": 0.6610722610722611,
      "entity_f1_ci": [
        0.6398572261072262,
        0.6832226107226107
      ],
      "well_formed": 1.0,
      "gold_executable": 0.36248415716096327,
      "pred_nonempty": 0.49746514575411915
    },
    {
      "bucket": "multi_hop_relationship",
      "n": 4790,
      "path_em": 0.4012526096033403,
      "path_em_ci": [
        0.3872651356993737,
        0.4150365344467641
      ],
      "entity_f1": 0.6291037307826655,
      "entity_f1_ci": [
        0.605109667393954,
        0.6518338979716211
      ],
      "well_formed": 1.0,
      "gold_executable": 0.27849686847599164,
      "pred_nonempty": 0.4778705636743215
    },
    {
      "bucket": "multi_with_more_filter",
      "n": 153,
      "path_em": 0.16339869281045752,
      "path_em_ci": [
        0.10457516339869281,
        0.2222222222222222
      ],
      "entity_f1": NaN,
      "entity_f1_ci": [
        NaN,
        NaN
      ],
      "well_formed": 1.0,
      "gold_executable": 0.0,
      "pred_nonempty": 0.0718954248366013
    },
    {
      "bucket": "multifilter",
      "n": 4,
      "path_em": 0.25,
      "path_em_ci": [
        0.0,
        0.75
      ],
      "entity_f1": 0.6397849462365591,
      "entity_f1_ci": [
        0.27956989247311825,
        1.0
      ],
      "well_formed": 1.0,
      "gold_executable": 0.5,
      "pred_nonempty": 0.5
    },
    {
      "bucket": "multihop_no_entity",
      "n": 80,
      "path_em": 0.3375,
      "path_em_ci": [
        0.2375,
        0.4375
      ],
      "entity_f1": 0.5923515471902568,
      "entity_f1_ci": [
        0.47807803234214524,
        0.7090317847172686
      ],
      "well_formed": 1.0,
      "gold_executable": 0.75,
      "pred_nonempty": 0.825
    },
    {
      "bucket": "multihop_one_entity_filter",
      "n": 1101,
      "path_em": 0.4904632152588556,
      "path_em_ci": [
        0.4604904632152589,
        0.5204359673024523
      ],
      "entity_f1": 0.3719721767594108,
      "entity_f1_ci": [
        0.2482017184942717,
        0.5023700900163666
      ],
      "well_formed": 1.0,
      "gold_executable": 0.047229791099000905,
      "pred_nonempty": 0.13896457765667575
    },
    {
      "bucket": "other_double_entity",
      "n": 84,
      "path_em": 0.10714285714285714,
      "path_em_ci": [
        0.047619047619047616,
        0.17857142857142858
      ],
      "entity_f1": 0.2002032520325203,
      "entity_f1_ci": [
        0.12195121951219512,
        0.28556910569105687
      ],
      "well_formed": 1.0,