{
  "overall": {
    "bucket": "overall",
    "n": 15627,
    "path_em": 0.4400076790170858,
    "path_em_ci": [
      0.43207109489985285,
      0.4485185896205286
    ],
    "entity_f1": 0.6479152098675861,
    "entity_f1_ci": [
      0.63706281480235,
      0.6594496111555924
    ],
    "well_formed": 1.0,
    "gold_executable": 0.43335253087604786,
    "pred_nonempty": 0.48614577334101233
  },
  "by_length": [
    {
      "bucket": "L1",
      "n": 5984,
      "path_em": 0.5100267379679144,
      "path_em_ci": [
        0.49766042780748665,
        0.5223972259358288
      ],
      "entity_f1": 0.6331370454178689,
      "entity_f1_ci": [
        0.6142667092899708,
        0.6498294135123971
      ],
      "well_formed": 1.0,
      "gold_executable": 0.48863636363636365,
      "pred_nonempty": 0.4752673796791444
    },
    {
      "bucket": "L2",
      "n": 5425,
      "path_em": 0.5148387096774194,
      "path_em_ci": [
        0.5008248847926268,
        0.5277419354838709
      ],
      "entity_f1": 0.7043976347683816,
      "entity_f1_ci": [
        0.6883713387076682,
        0.7197520624039563
      ],
      "well_formed": 1.0,
      "gold_executable": 0.5458064516129032,
      "pred_nonempty": 0.6689400921658987
    },
    {
      "bucket": "L3",
      "n": 1732,
      "path_em": 0.3920323325635104,
      "path_em_ci": [
        0.3700779445727483,
        0.41397228637413397
      ],
      "entity_f1": 0.7095578930874962,
      "entity_f1_ci": [
        0.6660675058159214,
        0.7480076791738481
      ],
      "well_formed": 1.0,
      "gold_executable": 0.2471131639722864,
      "pred_nonempty": 0.32274826789838335
    },
    {
      "bucket": "L4+",
      "n": 2486,
      "path_em": 0.1415929203539823,
      "path_em_ci": [
        0.12872083668543846,
        0.15486725663716813
      ],
      "entity_f1": 0.3202111233786901,
      "entity_f1_ci": [
        0.27993232776100163,
        0.3612967950634081
      ],
      "well_formed": 1.0,
      "gold_executable": 0.1846339501206758,
      "pred_nonempty": 0.22727272727272727
    }
  ],
  "by_operator": [
    {
      "bucket": "exec_common",
      "n": 44,
      "path_em": 0.7954545454545454,
      "path_em_ci": [
        0.6818181818181818,
        0.9090909090909091
      ],
      "entity_f1": 0.848761408083442,
      "entity_f1_ci": [
        0.6949152542372882,
        0.9641460234680573
      ],
      "well_formed": 1.0,
      "gold_executable": 0.5909090909090909,
      "pred_nonempty": 0.5681818181818182
    },
    {
      "bucket": "exec_difference",
      "n": 150,
      "path_em": 0.12,
      "path_em_ci": [
        0.06666666666666667,
        0.17333333333333334
      ],
      "entity_f1": 0.2887148680658505,
      "entity_f1_ci": [
        0.2005956464581958,
        0.3812513363250829
      ],
      "well_formed": 1.0,
      "gold_executable": 0.6266666666666667,
      "pred_nonempty": 0.4066666666666667
    },
    {
      "bucket": "filter",
      "n": 4485,
      "path_em": 0.29186176142697884,
      "path_em_ci": [
        0.27914715719063543,
        0.3041304347826087
      ],
      "entity_f1": 0.7168340346537454,
      "entity_f1_ci": [
        0.6848209831705733,
        0.7458837382852358
      ],
      "well_formed": 1.0,
      "gold_executable": 0.1629877369007804,
      "pred_nonempty": 0.2408026755852843
    },
    {
      "bucket": "plain",
      "n": 10657,
      "path_em": 0.5173125645115886,
      "path_em_ci": [
        0.5074575396453036,
        0.5265107441118513
      ],
      "entity_f1": 0.6655540433012319,
      "entity_f1_ci": [
        0.6529536061579164,
        0.6779436760196369
      ],
      "well_formed": 1.0,
      "gold_executable": 0.5367364173782491,
      "pred_nonempty": 0.5969785117762972
    },
    {
      "bucket": "select",
      "n": 291,
      "path_em": 0.003436426116838488,
      "path_em_ci": [
        0.0,
        0.010309278350515464
      ],
      "entity_f1": 0.03731343283582089,
      "entity_f1_ci": [
        0.012437810945273632,
        0.06225124378109447
      ],
      "well_formed": 1.0,
      "gold_executable": 0.6907216494845361,
      "pred_nonempty": 0.23711340206185566
    }
  ],
  "by_section": [
    {
      "bucket": "common_and_differences",
      "n": 100,
      "path_em": 0.18,
      "path_em_ci": [
        0.11,
        0.26
      ],
      "entity_f1": 0.2887148680658505,
      "entity_f1_ci": [
        0.2005956464581958,
        0.3812513363250829
      ],
      "well_formed": 1.0,
      "gold_executable": 0.94,
      "pred_nonempty": 0.61
    },
    {
      "bucket": "double_entity",
      "n": 50,
      "path_em": 0.0,
      "path_em_ci": [
        0.0,
        0.0
      ],
      "entity_f1": 0.0,
      "entity_f1_ci": [
        0.0,
        0.0
      ],
      "well_formed": 1.0,
      "gold_executable": 1.0,
      "pred_nonempty": 0.0
    },
    {
      "bucket": "entity_in_path",
      "n": 251,
      "path_em": 0.1394422310756972,
      "path_em_ci": [
        0.09561752988047809,
        0.18725099601593626
      ],
      "entity_f1": 0.23229259589652096,
      "entity_f1_ci": [
        0.14806422836752903,
        0.3172167707404103
      ],
      "well_formed": 1.0,
      "gold_executable": 0.3784860557768924,
      "pred_nonempty": 0.32270916334661354
    },
    {
      "bucket": "intra_relationship",
      "n": 4734,
      "path_em": 0.49831009716941277,
      "path_em_ci": [
        0.4835128855090832,
        0.5131020278833966
      ],
      "entity_f1": 0.6828185703185703,
      "entity_f1_ci": [
        0.6616049922299921,
        0.705740336052836
      ],
      "well_formed": 1.0,
      "gold_executable": 0.36248415716096327,
      "pred_nonempty": 0.4193071398394592
    },
    {
      "bucket": "multi_hop_relationship",
      "n": 4790,
      "path_em": 0.40876826722338205,
      "path_em_ci": [
        0.39519311064718166,
        0.42359603340292273
      ],
      "entity_f1": 0.903486536123591,
      "entity_f1_ci": [
        0.8875411692344087,
        0.9184947099317986
      ],
      "well_formed": 1.0,
      "gold_executable": 0.27849686847599164,
      "pred_nonempty": 0.5411273486430063
    },
    {
      "bucket": "multi_with_more_filter",
      "n": 153,
      "path_em": 0.058823529411764705,
      "path_em_ci": [
        0.026143790849673203,
        0.09803921568627451
      ],
      "entity_f1": NaN,
      "entity_f1_ci": [
        NaN,
        NaN
      ],
      "well_formed": 1.0,
      "gold_executable": 0.0,
      "pred_nonempty": 0.08496732026143791
    },
    {
      "bucket": "multifilter",
      "n": 4,
      "path_em": 0.0,
      "path_em_ci": [
        0.0,
        0.0
      ],
      "entity_f1": 0.0,
      "entity_f1_ci": [
        0.0,
        0.0
      ],
      "well_formed": 1.0,
      "gold_executable": 0.5,
      "pred_nonempty": 0.0
    },
    {
      "bucket": "multihop_no_entity",
      "n": 80,
      "path_em": 0.3,
      "path_em_ci": [
        0.2,
        0.4125
      ],
      "entity_f1": 0.45618144417954665,
      "entity_f1_ci": [
        0.3409999925666435,
        0.5832894731507161
      ],
      "well_formed": 1.0,
      "gold_executable": 0.75,
      "pred_nonempty": 0.575
    },
    {
      "bucket": "multihop_one_entity_filter",
      "n": 1101,
      "path_em": 0.24341507720254316,
      "path_em_ci": [
        0.21707538601271573,
        0.2688465031789282
      ],
      "entity_f1": 0.7091598572367803,
      "entity_f1_ci": [
        0.6012572203437588,
        0.8168536324786325
      ],
      "well_formed": 1.0,
      "gold_executable": 0.047229791099000905,
      "pred_nonempty": 0.22343324250681199
    },
    {
      "bucket": "other_double_entity",
      "n": 84,
      "path_em": 0.011904761904761904,
      "path_em_ci": [
        0.0,
        0.03571428571428571
      ],
      "entity_f1": 0.09146341463414634,
      "entity_f1_ci": [
        0.036585365853658534,
        0.152591463414634
      ],
      "well_formed": 1.0,