{
  "overall": {
    "bucket": "overall",
    "n": 15627,
    "path_em": 0.3043450438343892,
    "path_em_ci": [
      0.29704837780764065,
      0.31144813463876625
    ],
    "entity_f1": 0.528802721777138,
    "entity_f1_ci": [
      0.5167294889757872,
      0.540135864365025
    ],
    "well_formed": 1.0,
    "gold_executable": 0.43335253087604786,
    "pred_nonempty": 0.43207269469507903
  },
  "by_length": [
    {
      "bucket": "L1",
      "n": 5984,
      "path_em": 0.5608288770053476,
      "path_em_ci": [
        0.549298128342246,
        0.5733622994652406
      ],
      "entity_f1": 0.6767676726912288,
      "entity_f1_ci": [
        0.661379047438938,
        0.6939071603763671
      ],
      "well_formed": 1.0,
      "gold_executable": 0.48863636363636365,
      "pred_nonempty": 0.4490307486631016
    },
    {
      "bucket": "L2",
      "n": 5425,
      "path_em": 0.18857142857142858,
      "path_em_ci": [
        0.1782442396313364,
        0.19889400921658987
      ],
      "entity_f1": 0.4185383643232303,
      "entity_f1_ci": [
        0.401727974764252,
        0.4357332652741604
      ],
      "well_formed": 1.0,
      "gold_executable": 0.5458064516129032,
      "pred_nonempty": 0.48516129032258065
    },
    {
      "bucket": "L3",
      "n": 1732,
      "path_em": 0.14318706697459585,
      "path_em_ci": [
        0.12702078521939955,
        0.15993071593533487
      ],
      "entity_f1": 0.4807262622932527,
      "entity_f1_ci": [
        0.43514626653894295,
        0.5274638295862443
      ],
      "well_formed": 1.0,
      "gold_executable": 0.2471131639722864,
      "pred_nonempty": 0.30658198614318705
    },
    {
      "bucket": "L4+",
      "n": 2486,
      "path_em": 0.051890587288817375,
      "path_em_ci": [
        0.04384553499597747,
        0.061142397425583264
      ],
      "entity_f1": 0.3423538559978817,
      "entity_f1_ci": [
        0.301928111520539,
        0.3810429364814945
      ],
      "well_formed": 1.0,
      "gold_executable": 0.1846339501206758,
      "pred_nonempty": 0.36283185840707965
    }
  ],
  "by_operator": [
    {
      "bucket": "exec_common",
      "n": 44,
      "path_em": 0.8636363636363636,
      "path_em_ci": [
        0.75,
        0.9545454545454546
      ],
      "entity_f1": 0.8461538461538461,
      "entity_f1_ci": [
        0.6923076923076923,
        0.9615384615384616
      ],
      "well_formed": 1.0,
      "gold_executable": 0.5909090909090909,
      "pred_nonempty": 0.5454545454545454
    },
    {
      "bucket": "exec_difference",
      "n": 150,
      "path_em": 0.14,
      "path_em_ci": [
        0.08666666666666667,
        0.2
      ],
      "entity_f1": 0.2978723404255319,
      "entity_f1_ci": [
        0.2127659574468085,
        0.39361702127659576
      ],
      "well_formed": 1.0,
      "gold_executable": 0.6266666666666667,
      "pred_nonempty": 0.49333333333333335
    },
    {
      "bucket": "filter",
      "n": 4485,
      "path_em": 0.09186176142697881,
      "path_em_ci": [
        0.08360646599777036,
        0.10033444816053512
      ],
      "entity_f1": 0.44474072251359903,
      "entity_f1_ci": [
        0.41006202057979685,
        0.4789062804448144
      ],
      "well_formed": 1.0,
      "gold_executable": 0.1629877369007804,
      "pred_nonempty": 0.2858416945373467
    },
    {
      "bucket": "plain",
      "n": 10657,
      "path_em": 0.4014262925776485,
      "path_em_ci": [
        0.39204044290137935,
        0.4109059772919208
      ],
      "entity_f1": 0.5487319218923206,
      "entity_f1_ci": [
        0.5352711715353101,
        0.561110184393879
      ],
      "well_formed": 1.0,
      "gold_executable": 0.5367364173782491,
      "pred_nonempty": 0.48850520784460916
    },
    {
      "bucket": "select",
      "n": 291,
      "path_em": 0.024054982817869417,
      "path_em_ci": [
        0.006872852233676976,
        0.041237113402061855
      ],
      "entity_f1": 0.3343282114092749,
      "entity_f1_ci": [
        0.2738865611898875,
        0.40158072894693386
      ],
      "well_formed": 1.0,
      "gold_executable": 0.6907216494845361,
      "pred_nonempty": 0.570446735395189
    }
  ],
  "by_section": [
    {
      "bucket": "common_and_differences",
      "n": 100,
      "path_em": 0.21,
      "path_em_ci": [
        0.14,
        0.2802499999999998
      ],
      "entity_f1": 0.2978723404255319,
      "entity_f1_ci": [
        0.2127659574468085,
        0.39361702127659576
      ],
      "well_formed": 1.0,
      "gold_executable": 0.94,
      "pred_nonempty": 0.72
    },
    {
      "bucket": "double_entity",
      "n": 50,
      "path_em": 0.06,
      "path_em_ci": [
        0.0,
        0.14
      ],
      "entity_f1": 0.06,
      "entity_f1_ci": [
        0.0,
        0.14
      ],
      "well_formed": 1.0,
      "gold_executable": 1.0,
      "pred_nonempty": 0.08
    },
    {
      "bucket": "entity_in_path",
      "n": 251,
      "path_em": 0.15139442231075698,
      "path_em_ci": [
        0.11155378486055777,
        0.199203187250996
      ],
      "entity_f1": 0.30195457662082664,
      "entity_f1_ci": [
        0.2143186042331788,
        0.40005950067920437
      ],
      "well_formed": 1.0,
      "gold_executable": 0.3784860557768924,
      "pred_nonempty": 0.4940239043824701
    },
    {
      "bucket": "intra_relationship",
      "n": 4734,
      "path_em": 0.5728770595690748,
      "path_em_ci": [
        0.557662653147444,
        0.5863962822137727
      ],
      "entity_f1": 0.7226107226107226,
      "entity_f1_ci": [
        0.7022144522144522,
        0.743006993006993
      ],
      "well_formed": 1.0,
      "gold_executable": 0.36248415716096327,
      "pred_nonempty": 0.32868610054921843
    },
    {
      "bucket": "multi_hop_relationship",
      "n": 4790,
      "path_em": 0.18496868475991649,
      "path_em_ci": [
        0.17390396659707724,
        0.19541231732776618
      ],
      "entity_f1": 0.7010132130887006,
      "entity_f1_ci": [
        0.6755965440492084,
        0.7251975140329403
      ],
      "well_formed": 1.0,
      "gold_executable": 0.27849686847599164,
      "pred_nonempty": 0.5173277661795407
    },
    {
      "bucket": "multi_with_more_filter",
      "n": 153,
      "path_em": 0.0,
      "path_em_ci": [
        0.0,
        0.0
      ],
      "entity_f1": NaN,
      "entity_f1_ci": [
        NaN,
        NaN
      ],
      "well_formed": 1.0,
      "gold_executable": 0.0,
      "pred_nonempty": 0.0915032679738562
    },
    {
      "bucket": "multifilter",
      "n": 4,
      "path_em": 0.0,
      "path_em_ci": [
        0.0,
        0.0
      ],
      "entity_f1": 0.0,
      "entity_f1_ci": [
        0.0,
        0.0
      ],
      "well_formed": 1.0,
      "gold_executable": 0.5,
      "pred_nonempty": 0.25
    },
    {
      "bucket": "multihop_no_entity",
      "n": 80,
      "path_em": 0.225,
      "path_em_ci": [
        0.1375,
        0.325
      ],
      "entity_f1": 0.32149023726416337,
      "entity_f1_ci": [
        0.21461985676885123,
        0.42779932157441347
      ],
      "well_formed": 1.0,
      "gold_executable": 0.75,
      "pred_nonempty": 0.525
    },
    {
      "bucket": "multihop_one_entity_filter",
      "n": 1101,
      "path_em": 0.053587647593097185,
      "path_em_ci": [
        0.04087193460490463,
        0.0672343324250681
      ],
      "entity_f1": 0.3689451751951752,
      "entity_f1_ci": [
        0.25846611721611723,
        0.4746311616624116
      ],
      "well_formed": 1.0,
      "gold_executable": 0.047229791099000905,
      "pred_nonempty": 0.3079019073569482
    },
    {
      "bucket": "other_double_entity",
      "n": 84,
      "path_em": 0.047619047619047616,
      "path_em_ci": [
        0.011904761904761904,
        0.09523809523809523
      ],
      "entity_f1": 0.7013937282229965,
      "entity_f1_ci": [
        0.5974216027874566,
        0.7989547038327525
      ],
      "well_formed": 1.0,