{
  "overall": {
    "bucket": "overall",
    "n": 15627,
    "path_em": 0.4297689895693351,
    "path_em_ci": [
      0.421960389070199,
      0.437257631023229
    ],
    "entity_f1": 0.5268100426353294,
    "entity_f1_ci": [
      0.5149700001242524,
      0.538558984708951
    ],
    "well_formed": 1.0,
    "gold_executable": 0.43335253087604786,
    "pred_nonempty": 0.47987457605426503
  },
  "by_length": [
    {
      "bucket": "L1",
      "n": 5984,
      "path_em": 0.22242647058823528,
      "path_em_ci": [
        0.21239973262032086,
        0.23262449866310161
      ],
      "entity_f1": 0.4498510886912904,
      "entity_f1_ci": [
        0.43164484652872775,
        0.4665594006497948
      ],
      "well_formed": 1.0,
      "gold_executable": 0.48863636363636365,
      "pred_nonempty": 0.4461898395721925
    },
    {
      "bucket": "L2",
      "n": 5425,
      "path_em": 0.5316129032258065,
      "path_em_ci": [
        0.5185253456221198,
        0.545073732718894
      ],
      "entity_f1": 0.5393522729372364,
      "entity_f1_ci": [
        0.5226230253387253,
        0.5576664513333446
      ],
      "well_formed": 1.0,
      "gold_executable": 0.5458064516129032,
      "pred_nonempty": 0.584516129032258
    },
    {
      "bucket": "L3",
      "n": 1732,
      "path_em": 0.4405311778290993,
      "path_em_ci": [
        0.41859122401847576,
        0.46247113163972287
      ],
      "entity_f1": 0.7455581180504138,
      "entity_f1_ci": [
        0.7026886777946035,
        0.7829869554512641
      ],
      "well_formed": 1.0,
      "gold_executable": 0.2471131639722864,
      "pred_nonempty": 0.6160508083140878
    },
    {
      "bucket": "L4+",
      "n": 2486,
      "path_em": 0.6991150442477876,
      "path_em_ci": [
        0.6798069187449718,
        0.7164219629927594
      ],
      "entity_f1": 0.7321831605672853,
      "entity_f1_ci": [
        0.6884882330201844,
        0.7684929912135794
      ],
      "well_formed": 1.0,
      "gold_executable": 0.1846339501206758,
      "pred_nonempty": 0.23773129525341916
    }
  ],
  "by_operator": [
    {
      "bucket": "exec_common",
      "n": 44,
      "path_em": 0.7272727272727273,
      "path_em_ci": [
        0.5909090909090909,
        0.8636363636363636
      ],
      "entity_f1": 0.7264957264957265,
      "entity_f1_ci": [
        0.5341880341880342,
        0.8803418803418803
      ],
      "well_formed": 1.0,
      "gold_executable": 0.5909090909090909,
      "pred_nonempty": 0.5227272727272727
    },
    {
      "bucket": "exec_difference",
      "n": 150,
      "path_em": 0.13333333333333333,
      "path_em_ci": [
        0.08,
        0.19333333333333333
      ],
      "entity_f1": 0.46808510638297873,
      "entity_f1_ci": [
        0.3617021276595745,
        0.574468085106383
      ],
      "well_formed": 1.0,
      "gold_executable": 0.6266666666666667,
      "pred_nonempty": 0.7933333333333333
    },
    {
      "bucket": "filter",
      "n": 4485,
      "path_em": 0.6051282051282051,
      "path_em_ci": [
        0.5910758082497213,
        0.6196209587513936
      ],
      "entity_f1": 0.7848328667138733,
      "entity_f1_ci": [
        0.7565157544049053,
        0.8126418741890948
      ],
      "well_formed": 1.0,
      "gold_executable": 0.1629877369007804,
      "pred_nonempty": 0.31750278706800444
    },
    {
      "bucket": "plain",
      "n": 10657,
      "path_em": 0.361264896312283,
      "path_em_ci": [
        0.35253354602608616,
        0.36961856057051706
      ],
      "entity_f1": 0.4842167826632559,
      "entity_f1_ci": [
        0.4716256321168078,
        0.4978896953908388
      ],
      "well_formed": 1.0,
      "gold_executable": 0.5367364173782491,
      "pred_nonempty": 0.5316693253260768
    },
    {
      "bucket": "select",
      "n": 291,
      "path_em": 0.3436426116838488,
      "path_em_ci": [
        0.2920962199312715,
        0.39862542955326463
      ],
      "entity_f1": 0.8021686439596888,
      "entity_f1_ci": [
        0.7519071310116086,
        0.8563847429519071
      ],
      "well_formed": 1.0,
      "gold_executable": 0.6907216494845361,
      "pred_nonempty": 0.9175257731958762
    }
  ],
  "by_section": [
    {
      "bucket": "common_and_differences",
      "n": 100,
      "path_em": 0.2,
      "path_em_ci": [
        0.12,
        0.28
      ],
      "entity_f1": 0.46808510638297873,
      "entity_f1_ci": [
        0.3617021276595745,
        0.574468085106383
      ],
      "well_formed": 1.0,
      "gold_executable": 0.94,
      "pred_nonempty": 0.74
    },
    {
      "bucket": "double_entity",
      "n": 50,
      "path_em": 0.98,
      "path_em_ci": [
        0.94,
        1.0
      ],
      "entity_f1": 0.98,
      "entity_f1_ci": [
        0.94,
        1.0
      ],
      "well_formed": 1.0,
      "gold_executable": 1.0,
      "pred_nonempty": 0.98
    },
    {
      "bucket": "entity_in_path",
      "n": 251,
      "path_em": 0.22709163346613545,
      "path_em_ci": [
        0.17928286852589642,
        0.2788844621513944
      ],
      "entity_f1": 0.7065766981556456,
      "entity_f1_ci": [
        0.6198493027440397,
        0.791816464237517
      ],
      "well_formed": 1.0,
      "gold_executable": 0.3784860557768924,
      "pred_nonempty": 0.8326693227091634
    },
    {
      "bucket": "intra_relationship",
      "n": 4734,
      "path_em": 0.025348542458808618,
      "path_em_ci": [
        0.021123785382340516,
        0.029784537389100127
      ],
      "entity_f1": 0.08131313131313131,
      "entity_f1_ci": [
        0.06925675019425019,
        0.09416472416472416
      ],
      "well_formed": 1.0,
      "gold_executable": 0.36248415716096327,
      "pred_nonempty": 0.31389945078158005
    },
    {
      "bucket": "multi_hop_relationship",
      "n": 4790,
      "path_em": 0.6089770354906054,
      "path_em_ci": [
        0.5956106471816284,
        0.6225469728601253
      ],
      "entity_f1": 0.8675942744196234,
      "entity_f1_ci": [
        0.8493444298426444,
        0.8856691742449264
      ],
      "well_formed": 1.0,
      "gold_executable": 0.27849686847599164,
      "pred_nonempty": 0.5156576200417536
    },
    {
      "bucket": "multi_with_more_filter",
      "n": 153,
      "path_em": 0.6470588235294118,
      "path_em_ci": [
        0.5686274509803921,
        0.7254901960784313
      ],
      "entity_f1": NaN,
      "entity_f1_ci": [
        NaN,
        NaN
      ],
      "well_formed": 1.0,
      "gold_executable": 0.0,
      "pred_nonempty": 0.19607843137254902
    },
    {
      "bucket": "multifilter",
      "n": 4,
      "path_em": 0.0,
      "path_em_ci": [
        0.0,
        0.0
      ],
      "entity_f1": 0.0,
      "entity_f1_ci": [
        0.0,
        0.0
      ],
      "well_formed": 1.0,
      "gold_executable": 0.5,
      "pred_nonempty": 0.25
    },
    {
      "bucket": "multihop_no_entity",
      "n": 80,
      "path_em": 0.3875,
      "path_em_ci": [
        0.275,
        0.5
      ],
      "entity_f1": 0.6012566137566139,
      "entity_f1_ci": [
        0.4899470899470899,
        0.7156795634920635
      ],
      "well_formed": 1.0,
      "gold_executable": 0.75,
      "pred_nonempty": 0.825
    },
    {
      "bucket": "multihop_one_entity_filter",
      "n": 1101,
      "path_em": 0.8937329700272479,
      "path_em_ci": [
        0.8764759309718437,
        0.9109900090826522
      ],
      "entity_f1": 0.8192307692307692,
      "entity_f1_ci": [
        0.7115384615384616,
        0.9154807692307693
      ],
      "well_formed": 1.0,
      "gold_executable": 0.047229791099000905,
      "pred_nonempty": 0.05812897366030881
    },
    {
      "bucket": "other_double_entity",
      "n": 84,
      "path_em": 0.30952380952380953,
      "path_em_ci": [
        0.20238095238095238,
        0.40476190476190477
      ],
      "entity_f1": 0.7804878048780488,
      "entity_f1_ci": [
        0.6829268292682927,
        0.8658536585365854
      ],